{
	"credit": "Made by PolygonMC",
	"texture_size": [32, 32],
	"textures": {
		"0": "mysticcyanset:backpack",
		"particle": "mysticcyanset:backpack"
	},
	"elements": [
		{
			"from": [6.25, -15.5, 6.5],
			"to": [9.75, -12.5, 9.25],
			"rotation": {"angle": 0, "axis": "y", "origin": [4.5, -15.5, 5]},
			"faces": {
				"north": {"uv": [0, 0, 3.5, 3], "texture": "#0"},
				"east": {"uv": [0, 6, 2.75, 9], "texture": "#0"},
				"south": {"uv": [0, 3, 3.5, 6], "texture": "#0"},
				"west": {"uv": [3, 6, 5.75, 9], "texture": "#0"},
				"up": {"uv": [7, 2.75, 3.5, 0], "texture": "#0"},
				"down": {"uv": [7, 3, 3.5, 5.75], "texture": "#0"}
			}
		},
		{
			"from": [6.25, -12.5, 7],
			"to": [6.75, -10.5, 8.75],
			"rotation": {"angle": 0, "axis": "y", "origin": [4.5, -15.5, 5]},
			"faces": {
				"east": {"uv": [2.5, 9, 4.25, 11], "texture": "#0"},
				"south": {"uv": [1, 11.5, 1.5, 13.5], "texture": "#0"},
				"west": {"uv": [9.5, 6, 11.25, 8], "texture": "#0"},
				"up": {"uv": [12.5, 3.75, 12, 2], "texture": "#0"}
			}
		},
		{
			"from": [6.75, -12.5, 7],
			"to": [9.25, -11.5, 8.75],
			"rotation": {"angle": 0, "axis": "y", "origin": [5, -15.5, 5]},
			"faces": {
				"south": {"uv": [0, 10.5, 2.5, 11.5], "texture": "#0"},
				"up": {"uv": [8.5, 9.75, 6, 8], "texture": "#0"}
			}
		},
		{
			"from": [6.75, -11.5, 8.5],
			"to": [9.25, -11, 8.75],
			"rotation": {"angle": 0, "axis": "y", "origin": [5, -15.5, 5]},
			"faces": {
				"north": {"uv": [10.5, 10.5, 13, 11], "texture": "#0"},
				"south": {"uv": [11, 8, 13.5, 8.5], "texture": "#0"},
				"up": {"uv": [15, 3.25, 12.5, 3], "texture": "#0"}
			}
		},
		{
			"from": [6.25, -12.5, 6.5],
			"to": [9.75, -10.5, 7],
			"rotation": {"angle": 0, "axis": "y", "origin": [4.5, -15.5, 5]},
			"faces": {
				"north": {"uv": [6, 6, 9.5, 8], "texture": "#0"},
				"east": {"uv": [2, 11.5, 2.5, 13.5], "texture": "#0"},
				"south": {"uv": [7, 0, 10.5, 2], "texture": "#0"},
				"west": {"uv": [11.5, 6, 12, 8], "texture": "#0"},
				"up": {"uv": [14, 2, 10.5, 1.5], "texture": "#0"}
			}
		},
		{
			"from": [9.25, -12.5, 7],
			"to": [9.75, -10.5, 8.75],
			"rotation": {"angle": 0, "axis": "y", "origin": [7.5, -15.5, 5]},
			"faces": {
				"east": {"uv": [8.5, 9.5, 10.25, 11.5], "texture": "#0"},
				"south": {"uv": [1.5, 11.5, 2, 13.5], "texture": "#0"},
				"west": {"uv": [4.5, 10, 6.25, 12], "texture": "#0"},
				"up": {"uv": [12.5, 5.75, 12, 4], "texture": "#0"}
			}
		},
		{
			"from": [6.5, -10.8755, 5],
			"to": [7.25, -10.6255, 6.5],
			"rotation": {"angle": 0, "axis": "x", "origin": [7, -10.0005, 6]},
			"faces": {
				"north": {"uv": [0, 13.5, 0.75, 13.75], "texture": "#0"},
				"east": {"uv": [12.5, 5.5, 14, 5.75], "texture": "#0"},
				"west": {"uv": [10.5, 12.5, 12, 12.75], "texture": "#0"},
				"up": {"uv": [3.25, 12.5, 2.5, 11], "texture": "#0"},
				"down": {"uv": [4.25, 11, 3.5, 12.5], "texture": "#0"}
			}
		},
		{
			"from": [6.5, -14.3755, 5],
			"to": [7.25, -14.1255, 6.5],
			"rotation": {"angle": 0, "axis": "x", "origin": [7, -10.0005, 6]},
			"faces": {
				"north": {"uv": [13.5, 3.5, 14.25, 3.75], "texture": "#0"},
				"east": {"uv": [12, 12.5, 13.5, 12.75], "texture": "#0"},
				"west": {"uv": [12.5, 12, 14, 12.25], "texture": "#0"},
				"up": {"uv": [11.25, 12.5, 10.5, 11], "texture": "#0"},
				"down": {"uv": [0.75, 11.5, 0, 13], "texture": "#0"}
			}
		},
		{
			"from": [6.5, -14.125, 5],
			"to": [7.25, -10.875, 5.25],
			"rotation": {"angle": 0, "axis": "x", "origin": [8, -10.75, 5]},
			"faces": {
				"north": {"uv": [6.5, 10, 7.25, 13.25], "texture": "#0"},
				"east": {"uv": [4.5, 12, 4.75, 15.25], "texture": "#0"},
				"south": {"uv": [7.5, 10, 8.25, 13.25], "texture": "#0"},
				"west": {"uv": [5, 12, 5.25, 15.25], "texture": "#0"},
				"down": {"uv": [1.75, 13.5, 1, 13.75], "texture": "#0"}
			}
		},
		{
			"from": [8.75, -10.8755, 5],
			"to": [9.5, -10.6255, 6.5],
			"rotation": {"angle": 0, "axis": "x", "origin": [9, -10.0005, 6]},
			"faces": {
				"north": {"uv": [0.75, 13.5, 0, 13.75], "texture": "#0"},
				"east": {"uv": [12, 12.5, 10.5, 12.75], "texture": "#0"},
				"west": {"uv": [14, 5.5, 12.5, 5.75], "texture": "#0"},
				"up": {"uv": [2.5, 12.5, 3.25, 11], "texture": "#0"},
				"down": {"uv": [3.5, 11, 4.25, 12.5], "texture": "#0"}
			}
		},
		{
			"from": [8.75, -14.125, 5],
			"to": [9.5, -10.875, 5.25],
			"rotation": {"angle": 0, "axis": "x", "origin": [8, -10.75, 5]},
			"faces": {
				"north": {"uv": [7.25, 10, 6.5, 13.25], "texture": "#0"},
				"east": {"uv": [5.25, 12, 5, 15.25], "texture": "#0"},
				"south": {"uv": [8.25, 10, 7.5, 13.25], "texture": "#0"},
				"west": {"uv": [4.75, 12, 4.5, 15.25], "texture": "#0"},
				"down": {"uv": [1, 13.5, 1.75, 13.75], "texture": "#0"}
			}
		},
		{
			"from": [8.75, -14.3755, 5],
			"to": [9.5, -14.1255, 6.5],
			"rotation": {"angle": 0, "axis": "x", "origin": [9, -10.0005, 6]},
			"faces": {
				"north": {"uv": [14.25, 3.5, 13.5, 3.75], "texture": "#0"},
				"east": {"uv": [14, 12, 12.5, 12.25], "texture": "#0"},
				"west": {"uv": [13.5, 12.5, 12, 12.75], "texture": "#0"},
				"up": {"uv": [10.5, 12.5, 11.25, 11], "texture": "#0"},
				"down": {"uv": [0, 11.5, 0.75, 13], "texture": "#0"}
			}
		},
		{
			"from": [5.625, -14.875, 7.125],
			"to": [6.25, -13.375, 8.375],
			"rotation": {"angle": 0, "axis": "y", "origin": [5.25, -14.5, 7.25]},
			"faces": {
				"north": {"uv": [11.5, 11, 12.125, 12.5], "texture": "#0"},
				"south": {"uv": [12, 0, 12.625, 1.5], "texture": "#0"},
				"west": {"uv": [10.5, 0, 11.75, 1.5], "texture": "#0"},
				"up": {"uv": [6.125, 13.25, 5.5, 12], "texture": "#0"},
				"down": {"uv": [12.625, 6, 12, 7.25], "texture": "#0"}
			}
		},
		{
			"from": [9.75, -14.875, 7.125],
			"to": [10.375, -13.375, 8.375],
			"rotation": {"angle": 0, "axis": "y", "origin": [10.75, -14.5, 7.25]},
			"faces": {
				"north": {"uv": [12.125, 11, 11.5, 12.5], "texture": "#0"},
				"east": {"uv": [11.75, 0, 10.5, 1.5], "texture": "#0"},
				"south": {"uv": [12.625, 0, 12, 1.5], "texture": "#0"},
				"up": {"uv": [5.5, 13.25, 6.125, 12], "texture": "#0"},
				"down": {"uv": [12, 6, 12.625, 7.25], "texture": "#0"}
			}
		},
		{
			"from": [6.75, -10.45347, 6.99075],
			"to": [9.25, -10.20347, 8.49075],
			"rotation": {"angle": -22.5, "axis": "x", "origin": [8, -10.32847, 7.74075]},
			"faces": {
				"north": {"uv": [12, 7.5, 14.5, 7.75], "texture": "#0"},
				"east": {"uv": [12.5, 11, 14, 11.25], "texture": "#0"},
				"west": {"uv": [12.5, 11.5, 14, 11.75], "texture": "#0"},
				"up": {"uv": [11, 9.5, 8.5, 8], "texture": "#0"},
				"down": {"uv": [2.5, 9, 0, 10.5], "texture": "#0"}
			}
		},
		{
			"from": [7.25, -10.20347, 7.74075],
			"to": [8.75, -9.45347, 7.75575],
			"rotation": {"angle": -22.5, "axis": "x", "origin": [8, -10.32847, 7.74075]},
			"faces": {
				"north": {"uv": [12.5, 8.5, 11, 9.25], "texture": "#0"},
				"south": {"uv": [11, 8.5, 12.5, 9.25], "texture": "#0"}
			}
		},
		{
			"from": [9.75, -13.49097, 8.45324],
			"to": [10.5, -13.47597, 9.95324],
			"rotation": {"angle": 45, "axis": "x", "origin": [9.625, -13.49097, 9.20324]},
			"faces": {
				"up": {"uv": [4.5, 9, 6, 9.75], "rotation": 90, "texture": "#0"},
				"down": {"uv": [6, 9, 4.5, 9.75], "rotation": 90, "texture": "#0"}
			}
		},
		{
			"from": [5.5, -13.49097, 8.45324],
			"to": [6.25, -13.47597, 9.95324],
			"rotation": {"angle": 45, "axis": "x", "origin": [6.375, -13.49097, 9.20324]},
			"faces": {
				"up": {"uv": [4.5, 9.75, 6, 9], "rotation": 90, "texture": "#0"},
				"down": {"uv": [6, 9.75, 4.5, 9], "rotation": 90, "texture": "#0"}
			}
		},
		{
			"from": [6.75, -10.35911, 8.47198],
			"to": [9.25, -9.85911, 8.72198],
			"rotation": {"angle": -22.5, "axis": "x", "origin": [8, -10.10911, 8.59698]},
			"faces": {
				"north": {"uv": [10.5, 9.5, 13, 10], "texture": "#0"},
				"east": {"uv": [8, 13.5, 8.25, 14], "texture": "#0"},
				"south": {"uv": [10.5, 10, 13, 10.5], "texture": "#0"},
				"west": {"uv": [13.5, 8, 13.75, 8.5], "texture": "#0"},
				"up": {"uv": [15, 2.25, 12.5, 2], "texture": "#0"},
				"down": {"uv": [15, 2.5, 12.5, 2.75], "texture": "#0"}
			}
		},
		{
			"from": [5.5, -15, 9.25],
			"to": [10.5, -14, 10.25],
			"rotation": {"angle": 0, "axis": "y", "origin": [6, -15.5, 4]},
			"faces": {
				"north": {"uv": [7, 2, 12, 3], "texture": "#0"},
				"east": {"uv": [8.5, 11.5, 9.5, 12.5], "texture": "#0"},
				"south": {"uv": [7, 3, 12, 4], "texture": "#0"},
				"west": {"uv": [9.5, 11.5, 10.5, 12.5], "texture": "#0"},
				"up": {"uv": [12, 5, 7, 4], "texture": "#0"},
				"down": {"uv": [12, 5, 7, 6], "texture": "#0"}
			}
		},
		{
			"from": [7.79446, -11.875, 7.875],
			"to": [8.29445, -11.375, 8.375],
			"rotation": {"angle": -22.5, "axis": "y", "origin": [8.04445, -11.075, 8.125]},
			"faces": {
				"north": {"uv": [13, 6, 13.5, 6.5], "texture": "#0"},
				"east": {"uv": [13, 6.5, 13.5, 7], "texture": "#0"},
				"south": {"uv": [13, 7, 13.5, 7.5], "texture": "#0"},
				"west": {"uv": [13, 9.5, 13.5, 10], "texture": "#0"},
				"down": {"uv": [13.5, 10, 13, 10.5], "texture": "#0"}
			}
		},
		{
			"from": [7.74446, -11.375, 7.825],
			"to": [8.34446, -10.825, 8.425],
			"rotation": {"angle": -22.5, "axis": "y", "origin": [8.04445, -11.075, 8.125]},
			"faces": {
				"north": {"uv": [0, 13, 0.625, 13.5], "texture": "#0"},
				"east": {"uv": [13, 0, 13.625, 0.5], "texture": "#0"},
				"south": {"uv": [13, 0.5, 13.625, 1], "texture": "#0"},
				"west": {"uv": [13, 1, 13.625, 1.5], "texture": "#0"},
				"down": {"uv": [10.125, 12.5, 9.5, 13.125], "texture": "#0"}
			}
		},
		{
			"from": [7.69446, -10.825, 7.775],
			"to": [8.39446, -10.225, 8.475],
			"rotation": {"angle": -22.5, "axis": "y", "origin": [8.04445, -11.075, 8.125]},
			"faces": {
				"north": {"uv": [12.5, 3.5, 13.25, 4.125], "texture": "#0"},
				"east": {"uv": [12.5, 4.5, 13.25, 5.125], "texture": "#0"},
				"south": {"uv": [8.5, 12.5, 9.25, 13.125], "texture": "#0"},
				"west": {"uv": [12.5, 8.5, 13.25, 9.125], "texture": "#0"},
				"up": {"uv": [3.25, 13.25, 2.5, 12.5], "texture": "#0"},
				"down": {"uv": [4.25, 12.5, 3.5, 13.25], "texture": "#0"}
			}
		},
		{
			"from": [7.21042, -11.71733, 7.975],
			"to": [7.60042, -11.32733, 8.365],
			"rotation": {"angle": 22.5, "axis": "z", "origin": [7.9, -11.11804, 8.1975]},
			"faces": {
				"north": {"uv": [4, 13.5, 4.375, 13.875], "texture": "#0"},
				"east": {"uv": [13.5, 4, 13.875, 4.375], "texture": "#0"},
				"south": {"uv": [13.5, 4.5, 13.875, 4.875], "texture": "#0"},
				"west": {"uv": [13.5, 5, 13.875, 5.375], "texture": "#0"},
				"down": {"uv": [5.875, 13.5, 5.5, 13.875], "texture": "#0"}
			}
		},
		{
			"from": [7.17142, -11.32733, 7.936],
			"to": [7.63942, -10.89833, 8.404],
			"rotation": {"angle": 22.5, "axis": "z", "origin": [7.9, -11.11804, 8.1975]},
			"faces": {
				"north": {"uv": [2, 13.5, 2.5, 13.875], "texture": "#0"},
				"east": {"uv": [2.5, 13.5, 3, 13.875], "texture": "#0"},
				"south": {"uv": [3, 13.5, 3.5, 13.875], "texture": "#0"},
				"west": {"uv": [3.5, 13.5, 4, 13.875], "texture": "#0"},
				"down": {"uv": [13.5, 13, 13, 13.5], "texture": "#0"}
			}
		},
		{
			"from": [7.13242, -10.89833, 7.897],
			"to": [7.67842, -10.43033, 8.443],
			"rotation": {"angle": 22.5, "axis": "z", "origin": [7.9, -11.11804, 8.1975]},
			"faces": {
				"north": {"uv": [10.5, 13, 11, 13.5], "texture": "#0"},
				"east": {"uv": [13, 10.5, 13.5, 11], "texture": "#0"},
				"south": {"uv": [11, 13, 11.5, 13.5], "texture": "#0"},
				"west": {"uv": [11.5, 13, 12, 13.5], "texture": "#0"},
				"up": {"uv": [12.5, 13.5, 12, 13], "texture": "#0"},
				"down": {"uv": [13, 13, 12.5, 13.5], "texture": "#0"}
			}
		},
		{
			"from": [8.49453, -10.91583, 7.81884],
			"to": [8.88765, -10.57887, 8.21196],
			"rotation": {"angle": -22.5, "axis": "z", "origin": [8.1, -10.96804, 7.9975]},
			"faces": {
				"north": {"uv": [13.5, 6, 13.875, 6.375], "texture": "#0"},
				"east": {"uv": [6.5, 13.5, 6.875, 13.875], "texture": "#0"},
				"south": {"uv": [13.5, 6.5, 13.875, 6.875], "texture": "#0"},
				"west": {"uv": [7, 13.5, 7.375, 13.875], "texture": "#0"},
				"up": {"uv": [13.875, 7.375, 13.5, 7], "texture": "#0"},
				"down": {"uv": [7.875, 13.5, 7.5, 13.875], "texture": "#0"}
			}
		},
		{
			"from": [8.52262, -11.22471, 7.84692],
			"to": [8.85958, -10.91583, 8.18388],
			"rotation": {"angle": -22.5, "axis": "z", "origin": [8.1, -10.96804, 7.9975]},
			"faces": {
				"north": {"uv": [8.5, 13.5, 8.875, 13.75], "texture": "#0"},
				"east": {"uv": [13.5, 8.5, 13.875, 8.75], "texture": "#0"},
				"south": {"uv": [9, 13.5, 9.375, 13.75], "texture": "#0"},
				"west": {"uv": [13.5, 9, 13.875, 9.25], "texture": "#0"},
				"down": {"uv": [6.375, 13.5, 6, 13.875], "texture": "#0"}
			}
		},
		{
			"from": [8.5507, -11.50551, 7.875],
			"to": [8.8315, -11.22471, 8.1558],
			"rotation": {"angle": -22.5, "axis": "z", "origin": [8.1, -10.96804, 7.9975]},
			"faces": {
				"north": {"uv": [9.5, 13.5, 9.75, 13.75], "texture": "#0"},
				"east": {"uv": [13.5, 9.5, 13.75, 9.75], "texture": "#0"},
				"south": {"uv": [10, 13.5, 10.25, 13.75], "texture": "#0"},
				"west": {"uv": [13.5, 10, 13.75, 10.25], "texture": "#0"},
				"down": {"uv": [10.75, 13.5, 10.5, 13.75], "texture": "#0"}
			}
		}
	],
	"gui_light": "front",
	"display": {
		"thirdperson_righthand": {
			"rotation": [60, 180, 0],
			"translation": [0, -1.25, -4]
		},
		"thirdperson_lefthand": {
			"rotation": [68, 0, 0],
			"translation": [-5.5, -7, 12],
			"scale": [1.2793, 1.2793, 1.2793]
		},
		"firstperson_righthand": {
			"rotation": [-18.5, 0, 0],
			"translation": [0, 7, 0]
		},
		"firstperson_lefthand": {
			"scale": [0, 0, 0]
		},
		"ground": {
			"rotation": [-35, 0, 0],
			"translation": [0, 8, 0]
		},
		"gui": {
			"rotation": [0, -43, 0],
			"translation": [0, 22.5, 0],
			"scale": [1.24, 1.24, 1.24]
		},
		"head": {
			"translation": [0, -25.75, 8.25],
			"scale": [3.91796, 3.91796, 3.91796]
		},
		"fixed": {
			"rotation": [-90, 180, 0],
			"translation": [0, 0, -21],
			"scale": [2.5, 2.5, 2.5]
		}
	}
}