{
	"credit": "Made by PolygonMC",
	"texture_size": [8, 8],
	"textures": {
		"1": "mysticcyanset:sword",
		"3": "mysticcyanset:animations/animations_sword",
		"4": "mysticcyanset:animations/animations_1"
	},
	"elements": [
		{
			"from": [7.25, 0, 7.25],
			"to": [8.75, 0.5, 8.75],
			"rotation": {"angle": 0, "axis": "y", "origin": [7.5, 0, 8.5]},
			"faces": {
				"north": {"uv": [7.42857, 12, 8.28571, 12.28571], "texture": "#1"},
				"east": {"uv": [12, 8, 12.85714, 8.28571], "texture": "#1"},
				"south": {"uv": [12, 8.57143, 12.85714, 8.85714], "texture": "#1"},
				"west": {"uv": [12, 9.14286, 12.85714, 9.42857], "texture": "#1"},
				"up": {"uv": [11.14286, 7.71429, 10.28571, 6.85714], "texture": "#1"},
				"down": {"uv": [8.28571, 10.28571, 7.42857, 11.14286], "texture": "#1"}
			}
		},
		{
			"from": [7.25, 4.25, 7.25],
			"to": [8.75, 4.75, 8.75],
			"rotation": {"angle": 0, "axis": "y", "origin": [7.5, 4.25, 8.5]},
			"faces": {
				"north": {"uv": [7.42857, 12, 8.28571, 12.28571], "texture": "#1"},
				"east": {"uv": [12, 8, 12.85714, 8.28571], "texture": "#1"},
				"south": {"uv": [12, 8.57143, 12.85714, 8.85714], "texture": "#1"},
				"west": {"uv": [12, 9.14286, 12.85714, 9.42857], "texture": "#1"},
				"up": {"uv": [11.14286, 7.71429, 10.28571, 6.85714], "texture": "#1"},
				"down": {"uv": [8.28571, 10.28571, 7.42857, 11.14286], "texture": "#1"}
			}
		},
		{
			"from": [7.25, 5.5, 7.25],
			"to": [8.75, 6, 8.75],
			"rotation": {"angle": 0, "axis": "y", "origin": [7.5, 5.5, 8.5]},
			"faces": {
				"north": {"uv": [7.42857, 12, 8.28571, 12.28571], "texture": "#1"},
				"east": {"uv": [12, 8, 12.85714, 8.28571], "texture": "#1"},
				"south": {"uv": [12, 8.57143, 12.85714, 8.85714], "texture": "#1"},
				"west": {"uv": [12, 9.14286, 12.85714, 9.42857], "texture": "#1"},
				"up": {"uv": [11.14286, 7.71429, 10.28571, 6.85714], "texture": "#1"},
				"down": {"uv": [8.28571, 10.28571, 7.42857, 11.14286], "texture": "#1"}
			}
		},
		{
			"from": [7.35, 0.65, 7.25],
			"to": [8.65, 1.15, 8.75],
			"rotation": {"angle": 22.5, "axis": "x", "origin": [8, 0.9, 8]},
			"faces": {
				"north": {"uv": [5.71429, 12.57143, 6.42857, 12.85714], "texture": "#1"},
				"east": {"uv": [12, 9.71429, 12.85714, 10], "texture": "#1"},
				"south": {"uv": [12.57143, 6.28571, 13.28571, 6.57143], "texture": "#1"},
				"west": {"uv": [12, 10.28571, 12.85714, 10.57143], "texture": "#1"},
				"up": {"uv": [5.85714, 11.71429, 5.14286, 10.85714], "texture": "#1"},
				"down": {"uv": [11.57143, 9.14286, 10.85714, 10], "texture": "#1"}
			}
		},
		{
			"from": [7.35, 3.25, 7.25],
			"to": [8.65, 3.75, 8.75],
			"rotation": {"angle": 22.5, "axis": "x", "origin": [8, 3.5, 8]},
			"faces": {
				"north": {"uv": [5.71429, 12.57143, 6.42857, 12.85714], "texture": "#1"},
				"east": {"uv": [12, 9.71429, 12.85714, 10], "texture": "#1"},
				"south": {"uv": [12.57143, 6.28571, 13.28571, 6.57143], "texture": "#1"},
				"west": {"uv": [12, 10.28571, 12.85714, 10.57143], "texture": "#1"},
				"up": {"uv": [5.85714, 11.71429, 5.14286, 10.85714], "texture": "#1"},
				"down": {"uv": [11.57143, 9.14286, 10.85714, 10], "texture": "#1"}
			}
		},
		{
			"from": [7.5, 0.5, 7.5],
			"to": [8.5, 3.5, 8.5],
			"rotation": {"angle": 0, "axis": "x", "origin": [7.5, 0.5, 8.5]},
			"faces": {
				"north": {"uv": [7.42857, 8.57143, 8, 10.28571], "texture": "#1"},
				"east": {"uv": [8, 8.57143, 8.57143, 10.28571], "texture": "#1"},
				"south": {"uv": [9.14286, 2.28571, 9.71429, 4], "texture": "#1"},
				"west": {"uv": [9.14286, 4, 9.71429, 5.71429], "texture": "#1"}
			}
		},
		{
			"from": [7.4, 3.5, 7.4],
			"to": [8.6, 5.5, 8.6],
			"rotation": {"angle": 0, "axis": "y", "origin": [7.5, 3.5, 8.5]},
			"faces": {
				"north": {"uv": [9.71429, 3.42857, 10.42857, 4.57143], "texture": "#1"},
				"east": {"uv": [9.71429, 4.57143, 10.42857, 5.71429], "texture": "#1"},
				"south": {"uv": [9.71429, 9.14286, 10.42857, 10.28571], "texture": "#1"},
				"west": {"uv": [10.28571, 5.71429, 11, 6.85714], "texture": "#1"}
			}
		},
		{
			"from": [7.4, -1, 7.4],
			"to": [8.6, 0, 8.6],
			"rotation": {"angle": 0, "axis": "y", "origin": [7.25, -1, 7.75]},
			"faces": {
				"north": {"uv": [11.42857, 2.85714, 12.14286, 3.42857], "texture": "#1"},
				"east": {"uv": [11.42857, 3.42857, 12.14286, 4], "texture": "#1"},
				"south": {"uv": [11.42857, 6.28571, 12.14286, 6.85714], "texture": "#1"},
				"west": {"uv": [11.42857, 6.85714, 12.14286, 7.42857], "texture": "#1"}
			}
		},
		{
			"from": [7.3975, -1.37322, 7.45],
			"to": [8.6025, -0.52322, 8.3],
			"rotation": {"angle": -45, "axis": "x", "origin": [7.9975, -0.82322, 8]},
			"faces": {
				"north": {"uv": [12, 2.28571, 12.71429, 2.71429], "texture": "#1"},
				"east": {"uv": [13.14286, 2.85714, 13.57143, 3.28571], "texture": "#1"},
				"south": {"uv": [12, 4, 12.71429, 4.42857], "texture": "#1"},
				"west": {"uv": [13.14286, 3.42857, 13.57143, 3.85714], "texture": "#1"},
				"up": {"uv": [12.71429, 5, 12, 4.57143], "texture": "#1"},
				"down": {"uv": [5.85714, 12, 5.14286, 12.42857], "texture": "#1"}
			}
		},
		{
			"from": [7.25, 8.46421, 7],
			"to": [8.75, 10.46421, 9],
			"rotation": {"angle": 45, "axis": "x", "origin": [8, 9.46421, 8]},
			"faces": {
				"north": {"uv": [9.14286, 5.71429, 10, 6.85714], "texture": "#1"},
				"east": {"uv": [4, 7.42857, 5.14286, 8.57143], "texture": "#1"},
				"south": {"uv": [9.14286, 6.85714, 10, 8], "texture": "#1"},
				"west": {"uv": [5.14286, 7.42857, 6.28571, 8.57143], "texture": "#1"},
				"up": {"uv": [10, 9.14286, 9.14286, 8], "texture": "#1"},
				"down": {"uv": [9.42857, 9.14286, 8.57143, 10.28571], "texture": "#1"}
			}
		},
		{
			"from": [7.375, 6.99461, 4.9098],
			"to": [8.625, 7.49461, 7.1598],
			"rotation": {"angle": 0, "axis": "x", "origin": [8, 7.24461, 4.5]},
			"faces": {
				"north": {"uv": [3, 13.42857, 2.28571, 13.14286], "rotation": 180, "texture": "#1"},
				"east": {"uv": [8.57143, 11.42857, 8.85714, 12.71429], "rotation": 90, "texture": "#1"},
				"south": {"uv": [13.85714, 2.28571, 13.14286, 2.57143], "texture": "#1"},
				"west": {"uv": [9.14286, 11.42857, 9.42857, 12.71429], "rotation": 270, "texture": "#1"},
				"up": {"uv": [9.71429, 1.71429, 10.42857, 3], "texture": "#1"},
				"down": {"uv": [9.71429, 0, 10.42857, 1.28571], "rotation": 180, "texture": "#1"}
			}
		},
		{
			"from": [7.376, 7.6324, 4.78294],
			"to": [8.624, 8.4824, 5.70794],
			"rotation": {"angle": 22.5, "axis": "x", "origin": [8, 7.24461, 4.5]},
			"faces": {
				"north": {"uv": [12.71429, 6.14286, 12, 5.71429], "rotation": 180, "texture": "#1"},
				"east": {"uv": [12.57143, 3.42857, 13, 4], "rotation": 90, "texture": "#1"},
				"west": {"uv": [5.14286, 12.57143, 5.57143, 13.14286], "rotation": 270, "texture": "#1"},
				"up": {"uv": [11.42857, 7.42857, 12.14286, 8], "texture": "#1"}
			}
		},
		{
			"from": [7.376, 6.00681, 4.78294],
			"to": [8.624, 6.85681, 5.70794],
			"rotation": {"angle": -22.5, "axis": "x", "origin": [8, 7.24461, 4.5]},
			"faces": {
				"north": {"uv": [12.71429, 5.57143, 12, 5.14286], "rotation": 180, "texture": "#1"},
				"east": {"uv": [2.85714, 12, 3.28571, 12.57143], "rotation": 90, "texture": "#1"},
				"west": {"uv": [12.57143, 2.85714, 13, 3.42857], "rotation": 270, "texture": "#1"},
				"down": {"uv": [7.42857, 11.42857, 8.14286, 12], "rotation": 180, "texture": "#1"}
			}
		},
		{
			"from": [7.5, 5.85882, 3.88579],
			"to": [8.5, 7.85882, 5.88579],
			"rotation": {"angle": -45, "axis": "x", "origin": [8, 7.24461, 4.5]},
			"faces": {
				"north": {"uv": [6.28571, 9.71429, 6.85714, 10.85714], "texture": "#1"},
				"east": {"uv": [7.42857, 6.28571, 8.57143, 7.42857], "texture": "#1"},
				"south": {"uv": [10.85714, 0, 11.42857, 1.14286], "texture": "#1"},
				"west": {"uv": [7.42857, 7.42857, 8.57143, 8.57143], "texture": "#1"},
				"up": {"uv": [1.71429, 12, 1.14286, 10.85714], "texture": "#1"},
				"down": {"uv": [11.42857, 1.14286, 10.85714, 2.28571], "texture": "#1"}
			}
		},
		{
			"from": [7.375, 7.49461, 5.9098],
			"to": [8.625, 7.99461, 7.1598],
			"rotation": {"angle": 0, "axis": "x", "origin": [8, 7.24461, 4.5]},
			"faces": {
				"north": {"uv": [0.71429, 13.42857, 0, 13.14286], "rotation": 180, "texture": "#1"},
				"east": {"uv": [12, 12.57143, 12.28571, 13.28571], "rotation": 90, "texture": "#1"},
				"south": {"uv": [1.85714, 13.14286, 1.14286, 13.42857], "texture": "#1"},
				"west": {"uv": [12.57143, 12, 12.85714, 12.71429], "rotation": 270, "texture": "#1"},
				"up": {"uv": [1.71429, 11.42857, 2.42857, 12.14286], "texture": "#1"}
			}
		},
		{
			"from": [7.375, 6.49461, 5.9098],
			"to": [8.625, 6.99461, 7.1598],
			"rotation": {"angle": 0, "axis": "x", "origin": [8, 7.24461, 4.5]},
			"faces": {
				"north": {"uv": [13.28571, 7.71429, 12.57143, 7.42857], "rotation": 180, "texture": "#1"},
				"east": {"uv": [9.71429, 12.57143, 10, 13.28571], "rotation": 90, "texture": "#1"},
				"south": {"uv": [11.57143, 12.57143, 10.85714, 12.85714], "texture": "#1"},
				"west": {"uv": [10.28571, 12.57143, 10.57143, 13.28571], "rotation": 270, "texture": "#1"},
				"down": {"uv": [11.42857, 1.14286, 12.14286, 1.85714], "rotation": 180, "texture": "#1"}
			}
		},
		{
			"from": [7.75, 9, 8],
			"to": [8.25, 12, 11],
			"rotation": {"angle": -45, "axis": "x", "origin": [7.75, 9, 8]},
			"faces": {
				"north": {"uv": [6.28571, 10.85714, 6.57143, 12.57143], "texture": "#1"},
				"east": {"uv": [6.85714, 2.85714, 8.57143, 4.57143], "texture": "#1"},
				"south": {"uv": [4, 11.42857, 4.28571, 13.14286], "texture": "#1"},
				"west": {"uv": [6.85714, 4.57143, 8.57143, 6.28571], "texture": "#1"},
				"up": {"uv": [4.85714, 13.14286, 4.57143, 11.42857], "texture": "#1"},
				"down": {"uv": [11.71429, 4.57143, 11.42857, 6.28571], "texture": "#1"}
			}
		},
		{
			"from": [7.75, 23.24246, 8],
			"to": [8.25, 25.19246, 9.95],
			"rotation": {"angle": -45, "axis": "x", "origin": [7.75, 23.24246, 8]},
			"faces": {
				"north": {"uv": [11.42857, 8, 11.71429, 9.14286], "texture": "#1"},
				"east": {"uv": [8.57143, 0, 9.71429, 1.14286], "texture": "#1"},
				"south": {"uv": [9.71429, 11.42857, 10, 12.57143], "texture": "#1"},
				"west": {"uv": [8.57143, 1.14286, 9.71429, 2.28571], "texture": "#1"},
				"up": {"uv": [10.57143, 12.57143, 10.28571, 11.42857], "texture": "#1"},
				"down": {"uv": [11.14286, 11.42857, 10.85714, 12.57143], "texture": "#1"}
			}
		},
		{
			"from": [7.752, 11.62132, 6.625],
			"to": [8.248, 24.62132, 9.375],
			"rotation": {"angle": 0, "axis": "x", "origin": [8.002, 13.12132, 8.125]},
			"faces": {
				"north": {"uv": [6.85714, 6.28571, 7.14286, 13.71429], "texture": "#1"},
				"east": {"uv": [14.42857, 0, 16, 7.42857], "texture": "#1"},
				"south": {"uv": [6.42857, 0, 6.71429, 7.42857], "texture": "#1"},
				"west": {"uv": [14.42857, 7.42857, 16, 14.85714], "texture": "#1"}
			}
		},
		{
			"from": [7.985, 10.62132, 5.125],
			"to": [8.015, 29.62132, 10.875],
			"rotation": {"angle": 0, "axis": "x", "origin": [7.739, 13.12132, 8.375]},
			"faces": {
				"east": {"uv": [3.28571, 0, 0, 10.85714], "texture": "#1"},
				"west": {"uv": [0, 0, 3.28571, 10.85714], "texture": "#1"}
			}
		},
		{
			"from": [7.5, 5.25, 6],
			"to": [8.5, 9.25, 7],
			"rotation": {"angle": 45, "axis": "x", "origin": [8, 7.25, 8]},
			"faces": {
				"north": {"uv": [6.28571, 7.42857, 6.85714, 9.71429], "texture": "#1"},
				"east": {"uv": [8.57143, 2.28571, 9.14286, 4.57143], "texture": "#1"},
				"south": {"uv": [4, 8.57143, 4.57143, 10.85714], "texture": "#1"},
				"west": {"uv": [4.57143, 8.57143, 5.14286, 10.85714], "texture": "#1"},
				"up": {"uv": [12, 12, 11.42857, 11.42857], "texture": "#1"},
				"down": {"uv": [0.57143, 12, 0, 12.57143], "texture": "#1"}
			}
		},
		{
			"from": [7.5, 5.25, 9],
			"to": [8.5, 9.25, 10],
			"rotation": {"angle": 45, "axis": "x", "origin": [8, 7.25, 8]},
			"faces": {
				"north": {"uv": [8.57143, 4.57143, 9.14286, 6.85714], "texture": "#1"},
				"east": {"uv": [5.14286, 8.57143, 5.71429, 10.85714], "texture": "#1"},
				"south": {"uv": [5.71429, 8.57143, 6.28571, 10.85714], "texture": "#1"},
				"west": {"uv": [8.57143, 6.85714, 9.14286, 9.14286], "texture": "#1"},
				"up": {"uv": [1.14286, 12.57143, 0.57143, 12], "texture": "#1"},
				"down": {"uv": [1.71429, 12, 1.14286, 12.57143], "texture": "#1"}
			}
		},
		{
			"from": [7.5, 5.25, 7],
			"to": [8.5, 6.25, 9],
			"rotation": {"angle": 45, "axis": "x", "origin": [8, 7.25, 8]},
			"faces": {
				"east": {"uv": [1.71429, 10.85714, 2.85714, 11.42857], "texture": "#1"},
				"west": {"uv": [10.85714, 2.28571, 12, 2.85714], "texture": "#1"},
				"up": {"uv": [3.42857, 12, 2.85714, 10.85714], "texture": "#1"},
				"down": {"uv": [11.42857, 2.85714, 10.85714, 4], "texture": "#1"}
			}
		},
		{
			"from": [7.5, 8.25, 7],
			"to": [8.5, 9.25, 9],
			"rotation": {"angle": 45, "axis": "x", "origin": [8, 7.25, 8]},
			"faces": {
				"east": {"uv": [4, 10.85714, 5.14286, 11.42857], "texture": "#1"},
				"west": {"uv": [10.85714, 4, 12, 4.57143], "texture": "#1"},
				"up": {"uv": [10.85714, 4.57143, 11.42857, 5.71429], "texture": "#1"},
				"down": {"uv": [11.42857, 4.57143, 10.85714, 5.71429], "texture": "#1"}
			}
		},
		{
			"from": [7.985, 5.74461, 0.7152],
			"to": [8.015, 8.74461, 5.7152],
			"rotation": {"angle": 0, "axis": "x", "origin": [8, 7.24461, 5.25]},
			"faces": {
				"east": {"uv": [8.57143, 0, 6.85714, 2.85714], "rotation": 90, "texture": "#1"},
				"west": {"uv": [6.85714, 0, 8.57143, 2.85714], "rotation": 270, "texture": "#1"}
			}
		},
		{
			"from": [7.375, 6.49461, 8.8402],
			"to": [8.625, 6.99461, 10.0902],
			"rotation": {"angle": 0, "axis": "x", "origin": [8, 7.24461, 11.5]},
			"faces": {
				"north": {"uv": [10.85714, 12.57143, 11.57143, 12.85714], "texture": "#1"},
				"east": {"uv": [9.71429, 13.28571, 10, 12.57143], "rotation": 90, "texture": "#1"},
				"south": {"uv": [12.57143, 7.71429, 13.28571, 7.42857], "rotation": 180, "texture": "#1"},
				"west": {"uv": [10.28571, 13.28571, 10.57143, 12.57143], "rotation": 270, "texture": "#1"},
				"down": {"uv": [11.42857, 1.85714, 12.14286, 1.14286], "rotation": 180, "texture": "#1"}
			}
		},
		{
			"from": [7.375, 7.49461, 8.8402],
			"to": [8.625, 7.99461, 10.0902],
			"rotation": {"angle": 0, "axis": "x", "origin": [8, 7.24461, 11.5]},
			"faces": {
				"north": {"uv": [1.14286, 13.14286, 1.85714, 13.42857], "texture": "#1"},
				"east": {"uv": [12, 13.28571, 12.28571, 12.57143], "rotation": 90, "texture": "#1"},
				"south": {"uv": [0, 13.42857, 0.71429, 13.14286], "rotation": 180, "texture": "#1"},
				"west": {"uv": [12.57143, 12.71429, 12.85714, 12], "rotation": 270, "texture": "#1"},
				"up": {"uv": [1.71429, 12.14286, 2.42857, 11.42857], "texture": "#1"}
			}
		},
		{
			"from": [7.5, 5.85882, 10.11421],
			"to": [8.5, 7.85882, 12.11421],
			"rotation": {"angle": 45, "axis": "x", "origin": [8, 7.24461, 11.5]},
			"faces": {
				"north": {"uv": [11.42857, 0, 10.85714, 1.14286], "texture": "#1"},
				"east": {"uv": [8.57143, 6.28571, 7.42857, 7.42857], "texture": "#1"},
				"south": {"uv": [6.85714, 9.71429, 6.28571, 10.85714], "texture": "#1"},
				"west": {"uv": [8.57143, 7.42857, 7.42857, 8.57143], "texture": "#1"},
				"up": {"uv": [1.71429, 10.85714, 1.14286, 12], "texture": "#1"},
				"down": {"uv": [11.42857, 2.28571, 10.85714, 1.14286], "texture": "#1"}
			}
		},
		{
			"from": [7.376, 6.00681, 10.29206],
			"to": [8.624, 6.85681, 11.21706],
			"rotation": {"angle": 22.5, "axis": "x", "origin": [8, 7.24461, 11.5]},
			"faces": {
				"east": {"uv": [2.85714, 12.57143, 3.28571, 12], "rotation": 90, "texture": "#1"},
				"south": {"uv": [12, 5.57143, 12.71429, 5.14286], "rotation": 180, "texture": "#1"},
				"west": {"uv": [12.57143, 3.42857, 13, 2.85714], "rotation": 270, "texture": "#1"},
				"down": {"uv": [7.42857, 12, 8.14286, 11.42857], "rotation": 180, "texture": "#1"}
			}
		},
		{
			"from": [7.376, 7.6324, 10.29206],
			"to": [8.624, 8.4824, 11.21706],
			"rotation": {"angle": -22.5, "axis": "x", "origin": [8, 7.24461, 11.5]},
			"faces": {
				"east": {"uv": [12.57143, 4, 13, 3.42857], "rotation": 90, "texture": "#1"},
				"south": {"uv": [12, 6.14286, 12.71429, 5.71429], "rotation": 180, "texture": "#1"},
				"west": {"uv": [5.14286, 13.14286, 5.57143, 12.57143], "rotation": 270, "texture": "#1"},
				"up": {"uv": [11.42857, 8, 12.14286, 7.42857], "texture": "#1"}
			}
		},
		{
			"from": [7.375, 6.99461, 8.8402],
			"to": [8.625, 7.49461, 11.0902],
			"rotation": {"angle": 0, "axis": "x", "origin": [8, 7.24461, 11.5]},
			"faces": {
				"north": {"uv": [13.14286, 2.28571, 13.85714, 2.57143], "texture": "#1"},
				"east": {"uv": [8.57143, 12.71429, 8.85714, 11.42857], "rotation": 90, "texture": "#1"},
				"south": {"uv": [2.28571, 13.42857, 3, 13.14286], "rotation": 180, "texture": "#1"},
				"west": {"uv": [9.14286, 12.71429, 9.42857, 11.42857], "rotation": 270, "texture": "#1"},
				"up": {"uv": [9.71429, 3, 10.42857, 1.71429], "texture": "#1"},
				"down": {"uv": [9.71429, 1.28571, 10.42857, 0], "rotation": 180, "texture": "#1"}
			}
		},
		{
			"from": [7.985, 5.74461, 10.2848],
			"to": [8.015, 8.74461, 15.2848],
			"rotation": {"angle": 0, "axis": "x", "origin": [8, 7.24461, 10.75]},
			"faces": {
				"east": {"uv": [8.57143, 2.85714, 6.85714, 0], "rotation": 90, "texture": "#1"},
				"west": {"uv": [6.85714, 2.85714, 8.57143, 0], "rotation": 270, "texture": "#1"}
			}
		},
		{
			"from": [7, 6.23921, 7],
			"to": [9, 8.23921, 9],
			"rotation": {"angle": 45, "axis": "x", "origin": [8, 7.23921, 8]},
			"faces": {
				"north": {"uv": [6.5, 0, 10.5, 4], "texture": "#4"},
				"east": {"uv": [6.5, 0, 10.5, 4], "texture": "#4"},
				"south": {"uv": [6.5, 0, 10.5, 4], "texture": "#4"},
				"west": {"uv": [6.5, 0, 10.5, 4], "texture": "#4"},
				"up": {"uv": [6.5, 0, 10.5, 4], "texture": "#4"},
				"down": {"uv": [6.5, 0, 10.5, 4], "texture": "#4"}
			}
		},
		{
			"from": [5.65, 6, 4.7],
			"to": [5.68, 11, 7.7],
			"rotation": {"angle": 22.5, "axis": "y", "origin": [5.65, 6, 3.7]},
			"faces": {
				"east": {"uv": [6, 0, 0, 10], "texture": "#4"},
				"west": {"uv": [0, 0, 6, 10], "texture": "#4"}
			}
		},
		{
			"from": [5.65, 6, 8.3],
			"to": [5.68, 11, 11.3],
			"rotation": {"angle": -22.5, "axis": "y", "origin": [5.65, 6, 12.3]},
			"faces": {
				"east": {"uv": [0, 0, 6, 10], "texture": "#4"},
				"west": {"uv": [6, 0, 0, 10], "texture": "#4"}
			}
		},
		{
			"from": [10.32, 6, 8.3],
			"to": [10.35, 11, 11.3],
			"rotation": {"angle": 22.5, "axis": "y", "origin": [10.35, 6, 12.3]},
			"faces": {
				"east": {"uv": [0, 0, 6, 10], "texture": "#4"},
				"west": {"uv": [6, 0, 0, 10], "texture": "#4"}
			}
		},
		{
			"from": [10.32, 6, 4.7],
			"to": [10.35, 11, 7.7],
			"rotation": {"angle": -22.5, "axis": "y", "origin": [10.35, 6, 3.7]},
			"faces": {
				"east": {"uv": [6, 0, 0, 10], "texture": "#4"},
				"west": {"uv": [0, 0, 6, 10], "texture": "#4"}
			}
		},
		{
			"from": [7.5, 10, 6.5],
			"to": [7.5, 26, 9.5],
			"rotation": {"angle": 0, "axis": "y", "origin": [7.5, 10, 6]},
			"faces": {
				"west": {"uv": [0, 0, 3, 16], "texture": "#3"}
			}
		},
		{
			"from": [8.5, 10, 6.5],
			"to": [8.5, 26, 9.5],
			"rotation": {"angle": 0, "axis": "y", "origin": [8.5, 10, 6]},
			"faces": {
				"east": {"uv": [3, 0, 0, 16], "texture": "#3"}
			}
		}
	],
	"gui_light": "front",
	"display": {
		"thirdperson_righthand": {
			"translation": [0, 3, 0.75]
		},
		"thirdperson_lefthand": {
			"translation": [0, 3, 0.75]
		},
		"firstperson_righthand": {
			"rotation": [-10, 0, 0],
			"translation": [0, 2.25, 0]
		},
		"firstperson_lefthand": {
			"rotation": [-10, 0, 0],
			"translation": [0, 2.25, 0]
		},
		"ground": {
			"rotation": [-45, 0, 0],
			"translation": [0, 8, 0]
		},
		"gui": {
			"rotation": [-90, 45, 90],
			"translation": [3.25, -3.25, 0],
			"scale": [0.74805, 0.74805, 0.74805]
		},
		"head": {
			"rotation": [0, 90, 0]
		},
		"fixed": {
			"rotation": [0, 90, 0],
			"translation": [0, -14, -1.75],
			"scale": [2.5, 2.5, 2.5]
		}
	}
}