{
	"credit": "Made by PolygonMC",
	"texture_size": [40, 40],
	"textures": {
		"0": "infernoset:chest",
		"particle": "infernoset:chest"
	},
	"elements": [
		{
			"from": [0.625, 2.64527, 3.5],
			"to": [2.625, 4.64527, 5.5],
			"rotation": {"angle": 45, "axis": "y", "origin": [2, 4.33277, 1.5]},
			"faces": {
				"north": {"uv": [6.8, 12.4, 7.6, 13.2], "texture": "#0"},
				"east": {"uv": [7.6, 12.4, 8.4, 13.2], "texture": "#0"},
				"south": {"uv": [8.4, 12.4, 9.2, 13.2], "texture": "#0"},
				"west": {"uv": [11.6, 12.4, 12.4, 13.2], "texture": "#0"},
				"up": {"uv": [13.2, 13.2, 12.4, 12.4], "texture": "#0"},
				"down": {"uv": [13.6, 0.8, 12.8, 1.6], "texture": "#0"}
			}
		},
		{
			"from": [1.61, 3.39527, 1.5],
			"to": [1.64, 6.64527, 4.5],
			"rotation": {"angle": 45, "axis": "y", "origin": [2, 4.33277, 1.5]},
			"faces": {
				"east": {"uv": [7.6, 1.6, 8.8, 2.9], "texture": "#0"},
				"west": {"uv": [8.8, 1.6, 7.6, 2.9], "texture": "#0"}
			}
		},
		{
			"from": [0.875, 2.89527, 2.5],
			"to": [2.375, 4.39527, 3.5],
			"rotation": {"angle": 45, "axis": "y", "origin": [2, 4.33277, 1.5]},
			"faces": {
				"north": {"uv": [12.8, 11.6, 13.4, 12.2], "texture": "#0"},
				"east": {"uv": [2, 13.2, 2.4, 13.8], "texture": "#0"},
				"west": {"uv": [11.6, 13.2, 12, 13.8], "texture": "#0"},
				"up": {"uv": [12.6, 13.6, 12, 13.2], "texture": "#0"},
				"down": {"uv": [13.8, 12.4, 13.2, 12.8], "texture": "#0"}
			}
		},
		{
			"from": [1.125, 3.39527, 2],
			"to": [2.125, 5.14527, 3],
			"rotation": {"angle": 45, "axis": "y", "origin": [2, 4.33277, 1.5]},
			"faces": {
				"north": {"uv": [6.4, 12.8, 6.8, 13.5], "texture": "#0"},
				"east": {"uv": [0.8, 13.2, 1.2, 13.9], "texture": "#0"},
				"south": {"uv": [1.2, 13.2, 1.6, 13.9], "texture": "#0"},
				"west": {"uv": [1.6, 13.2, 2, 13.9], "texture": "#0"},
				"up": {"uv": [13.2, 13.6, 12.8, 13.2], "texture": "#0"},
				"down": {"uv": [13.6, 12.8, 13.2, 13.2], "texture": "#0"}
			}
		},
		{
			"from": [13.375, 2.64527, 3.5],
			"to": [15.375, 4.64527, 5.5],
			"rotation": {"angle": -45, "axis": "y", "origin": [14, 4.33277, 1.5]},
			"faces": {
				"north": {"uv": [7.6, 12.4, 6.8, 13.2], "texture": "#0"},
				"east": {"uv": [12.4, 12.4, 11.6, 13.2], "texture": "#0"},
				"south": {"uv": [9.2, 12.4, 8.4, 13.2], "texture": "#0"},
				"west": {"uv": [8.4, 12.4, 7.6, 13.2], "texture": "#0"},
				"up": {"uv": [12.4, 13.2, 13.2, 12.4], "texture": "#0"},
				"down": {"uv": [12.8, 0.8, 13.6, 1.6], "texture": "#0"}
			}
		},
		{
			"from": [13.625, 2.89527, 2.5],
			"to": [15.125, 4.39527, 3.5],
			"rotation": {"angle": -45, "axis": "y", "origin": [14, 4.33277, 1.5]},
			"faces": {
				"north": {"uv": [13.4, 11.6, 12.8, 12.2], "texture": "#0"},
				"east": {"uv": [12, 13.2, 11.6, 13.8], "texture": "#0"},
				"west": {"uv": [2.4, 13.2, 2, 13.8], "texture": "#0"},
				"up": {"uv": [12, 13.6, 12.6, 13.2], "texture": "#0"},
				"down": {"uv": [13.2, 12.4, 13.8, 12.8], "texture": "#0"}
			}
		},
		{
			"from": [13.875, 3.39527, 2],
			"to": [14.875, 5.14527, 3],
			"rotation": {"angle": -45, "axis": "y", "origin": [14, 4.33277, 1.5]},
			"faces": {
				"north": {"uv": [6.8, 12.8, 6.4, 13.5], "texture": "#0"},
				"east": {"uv": [2, 13.2, 1.6, 13.9], "texture": "#0"},
				"south": {"uv": [1.6, 13.2, 1.2, 13.9], "texture": "#0"},
				"west": {"uv": [1.2, 13.2, 0.8, 13.9], "texture": "#0"},
				"up": {"uv": [12.8, 13.6, 13.2, 13.2], "texture": "#0"},
				"down": {"uv": [13.2, 12.8, 13.6, 13.2], "texture": "#0"}
			}
		},
		{
			"from": [14.36, 3.39527, 1.5],
			"to": [14.39, 6.64527, 4.5],
			"rotation": {"angle": -45, "axis": "y", "origin": [14, 4.33277, 1.5]},
			"faces": {
				"east": {"uv": [7.6, 1.6, 8.8, 2.9], "texture": "#0"},
				"west": {"uv": [8.8, 1.6, 7.6, 2.9], "texture": "#0"}
			}
		},
		{
			"from": [0.625, 2.64527, 10.5],
			"to": [2.625, 4.64527, 12.5],
			"rotation": {"angle": -45, "axis": "y", "origin": [2, 4.33277, 14.5]},
			"faces": {
				"north": {"uv": [9.2, 12.4, 8.4, 13.2], "texture": "#0"},
				"east": {"uv": [8.4, 12.4, 7.6, 13.2], "texture": "#0"},
				"south": {"uv": [7.6, 12.4, 6.8, 13.2], "texture": "#0"},
				"west": {"uv": [12.4, 12.4, 11.6, 13.2], "texture": "#0"},
				"up": {"uv": [13.2, 12.4, 12.4, 13.2], "texture": "#0"},
				"down": {"uv": [13.6, 1.6, 12.8, 0.8], "texture": "#0"}
			}
		},
		{
			"from": [0.875, 2.89527, 12.5],
			"to": [2.375, 4.39527, 13.5],
			"rotation": {"angle": -45, "axis": "y", "origin": [2, 4.33277, 14.5]},
			"faces": {
				"east": {"uv": [2.4, 13.2, 2, 13.8], "texture": "#0"},
				"south": {"uv": [13.4, 11.6, 12.8, 12.2], "texture": "#0"},
				"west": {"uv": [12, 13.2, 11.6, 13.8], "texture": "#0"},
				"up": {"uv": [12.6, 13.2, 12, 13.6], "texture": "#0"},
				"down": {"uv": [13.8, 12.8, 13.2, 12.4], "texture": "#0"}
			}
		},
		{
			"from": [1.125, 3.39527, 13],
			"to": [2.125, 5.14527, 14],
			"rotation": {"angle": -45, "axis": "y", "origin": [2, 4.33277, 14.5]},
			"faces": {
				"north": {"uv": [1.6, 13.2, 1.2, 13.9], "texture": "#0"},
				"east": {"uv": [1.2, 13.2, 0.8, 13.9], "texture": "#0"},
				"south": {"uv": [6.8, 12.8, 6.4, 13.5], "texture": "#0"},
				"west": {"uv": [2, 13.2, 1.6, 13.9], "texture": "#0"},
				"up": {"uv": [13.2, 13.2, 12.8, 13.6], "texture": "#0"},
				"down": {"uv": [13.6, 13.2, 13.2, 12.8], "texture": "#0"}
			}
		},
		{
			"from": [1.61, 3.39527, 11.5],
			"to": [1.64, 6.64527, 14.5],
			"rotation": {"angle": -45, "axis": "y", "origin": [2, 4.33277, 14.5]},
			"faces": {
				"east": {"uv": [8.8, 1.6, 7.6, 2.9], "texture": "#0"},
				"west": {"uv": [7.6, 1.6, 8.8, 2.9], "texture": "#0"}
			}
		},
		{
			"from": [14.36, 3.39527, 11.5],
			"to": [14.39, 6.64527, 14.5],
			"rotation": {"angle": 45, "axis": "y", "origin": [14, 4.33277, 14.5]},
			"faces": {
				"east": {"uv": [8.8, 1.6, 7.6, 2.9], "texture": "#0"},
				"west": {"uv": [7.6, 1.6, 8.8, 2.9], "texture": "#0"}
			}
		},
		{
			"from": [13.875, 3.39527, 13],
			"to": [14.875, 5.14527, 14],
			"rotation": {"angle": 45, "axis": "y", "origin": [14, 4.33277, 14.5]},
			"faces": {
				"north": {"uv": [1.2, 13.2, 1.6, 13.9], "texture": "#0"},
				"east": {"uv": [1.6, 13.2, 2, 13.9], "texture": "#0"},
				"south": {"uv": [6.4, 12.8, 6.8, 13.5], "texture": "#0"},
				"west": {"uv": [0.8, 13.2, 1.2, 13.9], "texture": "#0"},
				"up": {"uv": [12.8, 13.2, 13.2, 13.6], "texture": "#0"},
				"down": {"uv": [13.2, 13.2, 13.6, 12.8], "texture": "#0"}
			}
		},
		{
			"from": [13.625, 2.89527, 12.5],
			"to": [15.125, 4.39527, 13.5],
			"rotation": {"angle": 45, "axis": "y", "origin": [14, 4.33277, 14.5]},
			"faces": {
				"east": {"uv": [11.6, 13.2, 12, 13.8], "texture": "#0"},
				"south": {"uv": [12.8, 11.6, 13.4, 12.2], "texture": "#0"},
				"west": {"uv": [2, 13.2, 2.4, 13.8], "texture": "#0"},
				"up": {"uv": [12, 13.2, 12.6, 13.6], "texture": "#0"},
				"down": {"uv": [13.2, 12.8, 13.8, 12.4], "texture": "#0"}
			}
		},
		{
			"from": [13.375, 2.64527, 10.5],
			"to": [15.375, 4.64527, 12.5],
			"rotation": {"angle": 45, "axis": "y", "origin": [14, 4.33277, 14.5]},
			"faces": {
				"north": {"uv": [8.4, 12.4, 9.2, 13.2], "texture": "#0"},
				"east": {"uv": [11.6, 12.4, 12.4, 13.2], "texture": "#0"},
				"south": {"uv": [6.8, 12.4, 7.6, 13.2], "texture": "#0"},
				"west": {"uv": [7.6, 12.4, 8.4, 13.2], "texture": "#0"},
				"up": {"uv": [12.4, 12.4, 13.2, 13.2], "texture": "#0"},
				"down": {"uv": [12.8, 1.6, 13.6, 0.8], "texture": "#0"}
			}
		},
		{
			"from": [3.75, 3.14527, 3.75],
			"to": [12.25, 5.14527, 12.25],
			"rotation": {"angle": 0, "axis": "y", "origin": [5, 3.14527, 3.5]},
			"faces": {
				"north": {"uv": [9.2, 8.8, 12.6, 9.6], "texture": "#0"},
				"east": {"uv": [9.6, 7.2, 13, 8], "texture": "#0"},
				"south": {"uv": [9.6, 8, 13, 8.8], "texture": "#0"},
				"west": {"uv": [9.2, 9.6, 12.6, 10.4], "texture": "#0"},
				"up": {"uv": [3.4, 7, 0, 3.6], "texture": "#0"},
				"down": {"uv": [7, 3.6, 3.6, 7], "texture": "#0"}
			}
		},
		{
			"from": [4.25, 5.14527, 4.25],
			"to": [11.75, 5.64527, 11.75],
			"rotation": {"angle": 0, "axis": "y", "origin": [5, 3.14527, 3.5]},
			"faces": {
				"north": {"uv": [12.8, 5.6, 15.8, 5.8], "texture": "#0"},
				"east": {"uv": [12.8, 6, 15.8, 6.2], "texture": "#0"},
				"south": {"uv": [12.8, 6.4, 15.8, 6.6], "texture": "#0"},
				"west": {"uv": [12.8, 6.8, 15.8, 7], "texture": "#0"}
			}
		},
		{
			"from": [3.75, 5.64527, 3.75],
			"to": [12.25, 7.64527, 12.25],
			"rotation": {"angle": 0, "axis": "y", "origin": [5, 3.14527, 3.5]},
			"faces": {
				"north": {"uv": [10, 1.6, 13.4, 2.4], "texture": "#0"},
				"east": {"uv": [10, 2.4, 13.4, 3.2], "texture": "#0"},
				"south": {"uv": [10, 3.2, 13.4, 4], "texture": "#0"},
				"west": {"uv": [10, 4, 13.4, 4.8], "texture": "#0"},
				"down": {"uv": [7.4, 0, 4, 3.4], "texture": "#0"}
			}
		},
		{
			"from": [3.15, 7.89527, 3.75],
			"to": [12.85, 9.89527, 12.25],
			"rotation": {"angle": 0, "axis": "y", "origin": [5, 3.14527, 3.5]},
			"faces": {
				"north": {"uv": [8.8, 5.6, 12.7, 6.4], "texture": "#0"},
				"east": {"uv": [10, 4.8, 13.4, 5.6], "texture": "#0"},
				"south": {"uv": [8.8, 6.4, 12.7, 7.2], "texture": "#0"},
				"west": {"uv": [9.2, 10.4, 12.6, 11.2], "texture": "#0"},
				"up": {"uv": [3.9, 3.4, 0, 0], "texture": "#0"}
			}
		},
		{
			"from": [2.62649, 8.52711, 3.755],
			"to": [6.57649, 10.52711, 12.245],
			"rotation": {"angle": 22.5, "axis": "z", "origin": [4.47649, 11.52711, 8.005]},
			"faces": {
				"north": {"uv": [2.4, 10.8, 4, 11.6], "texture": "#0"},
				"south": {"uv": [4, 10.8, 5.6, 11.6], "texture": "#0"},
				"up": {"uv": [8.8, 7, 7.2, 3.6], "texture": "#0"}
			}
		},
		{
			"from": [9.42351, 8.52711, 3.755],
			"to": [13.37351, 10.52711, 12.245],
			"rotation": {"angle": -22.5, "axis": "z", "origin": [11.52351, 11.52711, 8.005]},
			"faces": {
				"north": {"uv": [4, 10.8, 2.4, 11.6], "texture": "#0"},
				"south": {"uv": [5.6, 10.8, 4, 11.6], "texture": "#0"},
				"up": {"uv": [7.2, 7, 8.8, 3.6], "texture": "#0"}
			}
		},
		{
			"from": [6.65, 8.39527, 3.25],
			"to": [9.35, 11.89527, 12.75],
			"rotation": {"angle": 0, "axis": "y", "origin": [5, 3.14527, 3.5]},
			"faces": {
				"north": {"uv": [0, 10.8, 1.1, 12.2], "texture": "#0"},
				"east": {"uv": [5.6, 7.2, 9.4, 8.6], "texture": "#0"},
				"south": {"uv": [1.2, 10.8, 2.3, 12.2], "texture": "#0"},
				"west": {"uv": [7.6, 0, 11.4, 1.4], "texture": "#0"},
				"up": {"uv": [9.9, 5.4, 8.8, 1.6], "texture": "#0"},
				"down": {"uv": [6.7, 8.8, 5.6, 12.6], "texture": "#0"}
			}
		},
		{
			"from": [4.875, 6.97034, 3.5],
			"to": [11.125, 7.97034, 12.5],
			"rotation": {"angle": 0, "axis": "z", "origin": [10.375, 7.47034, 8]},
			"faces": {
				"north": {"uv": [11.6, 0, 14.1, 0.4], "texture": "#0"},
				"south": {"uv": [11.6, 0.4, 14.1, 0.8], "texture": "#0"},
				"up": {"uv": [2.5, 10.8, 0, 7.2], "texture": "#0"},
				"down": {"uv": [5.3, 7.2, 2.8, 10.8], "texture": "#0"}
			}
		},
		{
			"from": [2.50925, 6.64527, 3.5],
			"to": [5.00925, 7.64527, 12.5],
			"rotation": {"angle": -22.5, "axis": "z", "origin": [5.75925, 7.14527, 8]},
			"faces": {
				"north": {"uv": [7.6, 3.2, 8.6, 3.6], "texture": "#0"},
				"south": {"uv": [12.8, 9.6, 13.8, 10], "texture": "#0"},
				"west": {"uv": [9.2, 11.2, 12.8, 11.6], "texture": "#0"},
				"up": {"uv": [7.8, 12.4, 6.8, 8.8], "texture": "#0"},
				"down": {"uv": [9, 8.8, 8, 12.4], "texture": "#0"}
			}
		},
		{
			"from": [10.99075, 6.64527, 3.5],
			"to": [13.49075, 7.64527, 12.5],
			"rotation": {"angle": 22.5, "axis": "z", "origin": [10.24075, 7.14527, 8]},
			"faces": {
				"north": {"uv": [8.6, 3.2, 7.6, 3.6], "texture": "#0"},
				"east": {"uv": [12.8, 11.2, 9.2, 11.6], "texture": "#0"},
				"south": {"uv": [13.8, 9.6, 12.8, 10], "texture": "#0"},
				"up": {"uv": [6.8, 12.4, 7.8, 8.8], "texture": "#0"},
				"down": {"uv": [8, 8.8, 9, 12.4], "texture": "#0"}
			}
		},
		{
			"from": [7, 5.64527, 3],
			"to": [9, 7.64527, 4.25],
			"rotation": {"angle": -45, "axis": "z", "origin": [8, 6.64527, 3.5]},
			"faces": {
				"north": {"uv": [2.4, 12.8, 3.2, 13.6], "texture": "#0"},
				"east": {"uv": [10, 12.8, 10.5, 13.6], "texture": "#0"},
				"south": {"uv": [3.2, 12.8, 4, 13.6], "texture": "#0"},
				"west": {"uv": [12.8, 10, 13.3, 10.8], "texture": "#0"},
				"up": {"uv": [11.6, 13.3, 10.8, 12.8], "texture": "#0"},
				"down": {"uv": [13.6, 10.8, 12.8, 11.3], "texture": "#0"}
			}
		},
		{
			"from": [11.13599, 6.24711, 6.75],
			"to": [13.13599, 8.74711, 9.25],
			"rotation": {"angle": 22.5, "axis": "z", "origin": [8.5, 10.74527, 8]},
			"faces": {
				"north": {"uv": [10.8, 11.6, 11.6, 12.6], "rotation": 180, "texture": "#0"},
				"east": {"uv": [4.6, 11.6, 3.6, 12.6], "rotation": 270, "texture": "#0"},
				"south": {"uv": [10, 12.6, 10.8, 11.6], "texture": "#0"},
				"west": {"uv": [3.4, 11.6, 2.4, 12.6], "rotation": 90, "texture": "#0"},
				"up": {"uv": [5.6, 11.6, 4.8, 12.6], "rotation": 180, "texture": "#0"},
				"down": {"uv": [10, 11.6, 9.2, 12.6], "texture": "#0"}
			}
		},
		{
			"from": [11.06673, 4.9404, 6.975],
			"to": [13.20673, 6.9904, 9.025],
			"rotation": {"angle": 45, "axis": "z", "origin": [8.5, 10.74527, 8]},
			"faces": {
				"north": {"uv": [1.2, 12.4, 2.1, 13.2], "rotation": 180, "texture": "#0"},
				"east": {"uv": [4.8, 12.8, 4, 13.6], "rotation": 270, "texture": "#0"},
				"south": {"uv": [0, 13.2, 0.9, 12.4], "texture": "#0"},
				"up": {"uv": [12.5, 0.8, 11.6, 1.6], "rotation": 180, "texture": "#0"},
				"down": {"uv": [12.5, 11.6, 11.6, 12.4], "texture": "#0"}
			}
		},
		{
			"from": [13.90057, 12.93938, 7.21075],
			"to": [15.47907, 14.64468, 8.78925],
			"rotation": {"angle": -22.5, "axis": "z", "origin": [8.5, 10.74527, 8]},
			"faces": {
				"north": {"uv": [9.2, 12.8, 9.8, 13.5], "rotation": 180, "texture": "#0"},
				"east": {"uv": [6.3, 12.8, 5.6, 13.4], "rotation": 270, "texture": "#0"},
				"south": {"uv": [12.8, 9.5, 13.4, 8.8], "texture": "#0"},
				"west": {"uv": [5.5, 12.8, 4.8, 13.4], "rotation": 90, "texture": "#0"},
				"up": {"uv": [0.6, 13.2, 0, 13.8], "rotation": 180, "texture": "#0"}
			}
		},
		{
			"from": [15.08519, 11.68967, 7.38439],
			"to": [16.31642, 13.0198, 8.61562],
			"rotation": {"angle": 0, "axis": "y", "origin": [8.5, 10.74527, 8]},
			"faces": {
				"north": {"uv": [8.4, 13.2, 8.9, 13.7], "rotation": 180, "texture": "#0"},
				"east": {"uv": [8.1, 13.2, 7.6, 13.7], "rotation": 270, "texture": "#0"},
				"south": {"uv": [13.2, 8.5, 13.7, 8], "texture": "#0"},
				"west": {"uv": [13.7, 7.2, 13.2, 7.7], "rotation": 90, "texture": "#0"},
				"up": {"uv": [7.3, 13.2, 6.8, 13.7], "rotation": 180, "texture": "#0"}
			}
		},
		{
			"from": [2.86401, 6.24711, 6.75],
			"to": [4.86401, 8.74711, 9.25],
			"rotation": {"angle": -22.5, "axis": "z", "origin": [7.5, 10.74527, 8]},
			"faces": {
				"north": {"uv": [11.6, 11.6, 10.8, 12.6], "rotation": 180, "texture": "#0"},
				"east": {"uv": [3.4, 12.6, 2.4, 11.6], "rotation": 90, "texture": "#0"},
				"south": {"uv": [10.8, 12.6, 10, 11.6], "texture": "#0"},
				"west": {"uv": [4.6, 12.6, 3.6, 11.6], "rotation": 270, "texture": "#0"},
				"up": {"uv": [4.8, 11.6, 5.6, 12.6], "rotation": 180, "texture": "#0"},
				"down": {"uv": [9.2, 11.6, 10, 12.6], "texture": "#0"}
			}
		},
		{
			"from": [2.79327, 4.9404, 6.975],
			"to": [4.93327, 6.9904, 9.025],
			"rotation": {"angle": -45, "axis": "z", "origin": [7.5, 10.74527, 8]},
			"faces": {
				"north": {"uv": [2.1, 12.4, 1.2, 13.2], "rotation": 180, "texture": "#0"},
				"south": {"uv": [0.9, 13.2, 0, 12.4], "texture": "#0"},
				"west": {"uv": [4.8, 13.6, 4, 12.8], "rotation": 270, "texture": "#0"},
				"up": {"uv": [11.6, 0.8, 12.5, 1.6], "rotation": 180, "texture": "#0"},
				"down": {"uv": [11.6, 11.6, 12.5, 12.4], "texture": "#0"}
			}
		},
		{
			"from": [0.52093, 12.93938, 7.21075],
			"to": [2.09943, 14.64468, 8.78925],
			"rotation": {"angle": 22.5, "axis": "z", "origin": [7.5, 10.74527, 8]},
			"faces": {
				"north": {"uv": [9.8, 12.8, 9.2, 13.5], "rotation": 180, "texture": "#0"},
				"east": {"uv": [5.5, 13.4, 4.8, 12.8], "rotation": 90, "texture": "#0"},
				"south": {"uv": [13.4, 9.5, 12.8, 8.8], "texture": "#0"},
				"west": {"uv": [6.3, 13.4, 5.6, 12.8], "rotation": 270, "texture": "#0"},
				"up": {"uv": [0, 13.2, 0.6, 13.8], "rotation": 180, "texture": "#0"}
			}
		},
		{
			"from": [-0.31642, 11.68967, 7.38439],
			"to": [0.91481, 13.0198, 8.61562],
			"rotation": {"angle": 0, "axis": "y", "origin": [7.5, 10.74527, 8]},
			"faces": {
				"north": {"uv": [8.9, 13.2, 8.4, 13.7], "rotation": 180, "texture": "#0"},
				"east": {"uv": [13.7, 7.7, 13.2, 7.2], "rotation": 90, "texture": "#0"},
				"south": {"uv": [13.7, 8.5, 13.2, 8], "texture": "#0"},
				"west": {"uv": [8.1, 13.7, 7.6, 13.2], "rotation": 270, "texture": "#0"},
				"up": {"uv": [6.8, 13.2, 7.3, 13.7], "rotation": 180, "texture": "#0"}
			}
		}
	],
	"gui_light": "front",
	"display": {
		"thirdperson_righthand": {
			"rotation": [54.25, 0, 0],
			"translation": [0, 3.5, 1.75],
			"scale": [0.67969, 0.67969, 0.67969]
		},
		"thirdperson_lefthand": {
			"rotation": [54.25, 0, 0],
			"translation": [0, 3.5, 1.75],
			"scale": [0.67969, 0.67969, 0.67969]
		},
		"firstperson_righthand": {
			"rotation": [159.25, 0, 180],
			"translation": [-2.25, 5, 2],
			"scale": [0.77344, 0.77344, 0.77344]
		},
		"firstperson_lefthand": {
			"rotation": [159.25, 0, 180],
			"translation": [-2.25, 5, 2],
			"scale": [0.77344, 0.77344, 0.77344]
		},
		"ground": {
			"translation": [0, 5, 0]
		},
		"gui": {
			"rotation": [25, 135, 0],
			"translation": [0, 0.5, 0]
		},
		"head": {
			"rotation": [0, 180, 0],
			"translation": [0, -30.5, 0],
			"scale": [2.35742, 2.35742, 2.35742]
		},
		"fixed": {
			"rotation": [-90, 0, 0],
			"translation": [0, 0, -16],
			"scale": [3, 3, 3]
		}
	}
}