{
    "credit": "Pologony Creation Co.,Ltd.",
    "textures": {
        "2": "ender_dragonset:dragon_head",
        "3": "ender_dragonset:animations/rune2_animation",
        "4": "ender_dragonset:animations/fire_eyes",
        "5": "ender_dragonset:gauntlet",
        "particle": "ender_dragonset:dragon_head"
    },
    "elements": [
        {
            "from": [
                10.63966,
                -1.2878,
                6.875
            ],
            "to": [
                11.63966,
                0.7122,
                9.125
            ],
            "rotation": {
                "angle": -22.5,
                "axis": "z",
                "origin": [
                    11.0048,
                    2.29004,
                    8
                ]
            },
            "faces": {
                "north": {
                    "uv": [
                        4.57143,
                        8,
                        4,
                        9.14286
                    ],
                    "texture": "#2"
                },
                "east": {
                    "uv": [
                        7,
                        4,
                        5.71429,
                        5.14286
                    ],
                    "texture": "#2"
                },
                "south": {
                    "uv": [
                        2.28571,
                        9.14286,
                        1.71429,
                        10.28571
                    ],
                    "texture": "#2"
                },
                "west": {
                    "uv": [
                        6.42857,
                        0,
                        5.14286,
                        1.14286
                    ],
                    "texture": "#2"
                },
                "down": {
                    "uv": [
                        8,
                        2.28571,
                        8.57143,
                        3.57143
                    ],
                    "texture": "#2"
                }
            }
        },
        {
            "from": [
                10.88966,
                -1.5378,
                7.25
            ],
            "to": [
                11.88966,
                -0.5378,
                8.75
            ],
            "rotation": {
                "angle": -22.5,
                "axis": "z",
                "origin": [
                    11.0048,
                    2.29004,
                    8
                ]
            },
            "faces": {
                "north": {
                    "uv": [
                        9.71429,
                        10.85714,
                        9.14286,
                        11.42857
                    ],
                    "texture": "#2"
                },
                "east": {
                    "uv": [
                        11.14286,
                        5.71429,
                        10.28571,
                        6.28571
                    ],
                    "texture": "#2"
                },
                "south": {
                    "uv": [
                        11.42857,
                        9.14286,
                        10.85714,
                        9.71429
                    ],
                    "texture": "#2"
                },
                "west": {
                    "uv": [
                        11.14286,
                        4.57143,
                        10.28571,
                        5.14286
                    ],
                    "texture": "#2"
                },
                "up": {
                    "uv": [
                        2.85714,
                        11.14286,
                        3.42857,
                        10.28571
                    ],
                    "texture": "#2"
                },
                "down": {
                    "uv": [
                        10.85714,
                        0,
                        11.42857,
                        0.85714
                    ],
                    "texture": "#2"
                }
            }
        },
        {
            "from": [
                10.02127,
                -1.30743,
                6.875
            ],
            "to": [
                11.02127,
                1.19257,
                9.125
            ],
            "rotation": {
                "angle": -45,
                "axis": "z",
                "origin": [
                    11.0048,
                    2.29004,
                    8
                ]
            },
            "faces": {
                "north": {
                    "uv": [
                        6.85714,
                        7.42857,
                        6.28571,
                        8.85714
                    ],
                    "texture": "#2"
                },
                "east": {
                    "uv": [
                        5.85714,
                        1.71429,
                        4.57143,
                        3.14286
                    ],
                    "texture": "#2"
                },
                "south": {
                    "uv": [
                        8.57143,
                        0,
                        8,
                        1.42857
                    ],
                    "texture": "#2"
                },
                "west": {
                    "uv": [
                        3,
                        4.57143,
                        1.71429,
                        6
                    ],
                    "texture": "#2"
                },
                "down": {
                    "uv": [
                        2.85714,
                        8,
                        3.42857,
                        9.28571
                    ],
                    "texture": "#2"
                }
            }
        },
        {
            "from": [
                9.63966,
                1.7122,
                6.375
            ],
            "to": [
                11.63966,
                3.7122,
                9.625
            ],
            "rotation": {
                "angle": -22.5,
                "axis": "z",
                "origin": [
                    11.0048,
                    2.29004,
                    8
                ]
            },
            "faces": {
                "north": {
                    "uv": [
                        6.85714,
                        5.71429,
                        5.71429,
                        6.85714
                    ],
                    "texture": "#2"
                },
                "east": {
                    "uv": [
                        4.14286,
                        0,
                        2.28571,
                        1.14286
                    ],
                    "texture": "#2"
                },
                "south": {
                    "uv": [
                        1.14286,
                        6.85714,
                        0,
                        8
                    ],
                    "texture": "#2"
                },
                "west": {
                    "uv": [
                        1.85714,
                        2.28571,
                        0,
                        3.42857
                    ],
                    "texture": "#2"
                },
                "up": {
                    "uv": [
                        2.85714,
                        3.57143,
                        4,
                        1.71429
                    ],
                    "texture": "#2"
                },
                "down": {
                    "uv": [
                        0,
                        4,
                        1.14286,
                        5.85714
                    ],
                    "texture": "#2"
                }
            }
        },
        {
            "from": [
                9.63966,
                0.7122,
                6.625
            ],
            "to": [
                11.63966,
                1.7122,
                9.375
            ],
            "rotation": {
                "angle": -22.5,
                "axis": "z",
                "origin": [
                    11.0048,
                    2.29004,
                    8
                ]
            },
            "faces": {
                "north": {
                    "uv": [
                        10.28571,
                        3.42857,
                        9.14286,
                        4
                    ],
                    "texture": "#2"
                },
                "south": {
                    "uv": [
                        10.28571,
                        8,
                        9.14286,
                        8.57143
                    ],
                    "texture": "#2"
                },
                "west": {
                    "uv": [
                        4.42857,
                        6.85714,
                        2.85714,
                        7.42857
                    ],
                    "texture": "#2"
                },
                "down": {
                    "uv": [
                        4,
                        4.57143,
                        5.14286,
                        6.14286
                    ],
                    "texture": "#2"
                }
            }
        },
        {
            "from": [
                11.63966,
                0.7122,
                6.625
            ],
            "to": [
                12.63966,
                3.7122,
                9.375
            ],
            "rotation": {
                "angle": -22.5,
                "axis": "z",
                "origin": [
                    11.0048,
                    2.29004,
                    8
                ]
            },
            "faces": {
                "north": {
                    "uv": [
                        2.28571,
                        6.85714,
                        1.71429,
                        8.57143
                    ],
                    "texture": "#2"
                },
                "east": {
                    "uv": [
                        1.57143,
                        0,
                        0,
                        1.71429
                    ],
                    "texture": "#2"
                },
                "south": {
                    "uv": [
                        7.42857,
                        1.71429,
                        6.85714,
                        3.42857
                    ],
                    "texture": "#2"
                },
                "up": {
                    "uv": [
                        5.14286,
                        9,
                        5.71429,
                        7.42857
                    ],
                    "texture": "#2"
                },
                "down": {
                    "uv": [
                        7.42857,
                        5.71429,
                        8,
                        7.28571
                    ],
                    "texture": "#2"
                }
            }
        },
        {
            "from": [
                11.33411,
                3.15399,
                6.25
            ],
            "to": [
                12.83411,
                4.65399,
                7.75
            ],
            "rotation": {
                "angle": -45,
                "axis": "z",
                "origin": [
                    11.0048,
                    2.29004,
                    8
                ]
            },
            "faces": {
                "north": {
                    "uv": [
                        8.28571,
                        8,
                        7.42857,
                        8.85714
                    ],
                    "texture": "#2"
                },
                "east": {
                    "uv": [
                        9.42857,
                        6.28571,
                        8.57143,
                        7.14286
                    ],
                    "texture": "#2"
                },
                "south": {
                    "uv": [
                        9.42857,
                        4.57143,
                        8.57143,
                        5.42857
                    ],
                    "texture": "#2"
                },
                "west": {
                    "uv": [
                        0.85714,
                        8.57143,
                        0,
                        9.42857
                    ],
                    "texture": "#2"
                },
                "up": {
                    "uv": [
                        9.14286,
                        0.85714,
                        10,
                        0
                    ],
                    "texture": "#2"
                },
                "down": {
                    "uv": [
                        9.14286,
                        1.71429,
                        10,
                        2.57143
                    ],
                    "texture": "#2"
                }
            }
        },
        {
            "from": [
                13.31482,
                1.59043,
                6.375
            ],
            "to": [
                14.56482,
                2.84043,
                7.625
            ],
            "rotation": {
                "angle": 22.5,
                "axis": "z",
                "origin": [
                    11.0048,
                    2.29004,
                    8
                ]
            },
            "faces": {
                "north": {
                    "uv": [
                        9.85714,
                        9.14286,
                        9.14286,
                        9.85714
                    ],
                    "rotation": 270,
                    "texture": "#2"
                },
                "east": {
                    "uv": [
                        0,
                        11,
                        0.71429,
                        10.28571
                    ],
                    "rotation": 90,
                    "texture": "#2"
                },
                "south": {
                    "uv": [
                        6.42857,
                        9.71429,
                        5.71429,
                        10.42857
                    ],
                    "rotation": 90,
                    "texture": "#2"
                },
                "up": {
                    "uv": [
                        4.71429,
                        9.71429,
                        4,
                        10.42857
                    ],
                    "rotation": 90,
                    "texture": "#2"
                },
                "down": {
                    "uv": [
                        8.14286,
                        9.71429,
                        7.42857,
                        10.42857
                    ],
                    "rotation": 90,
                    "texture": "#2"
                }
            }
        },
        {
            "from": [
                14.08077,
                3.06832,
                6.5
            ],
            "to": [
                15.08077,
                4.06832,
                7.5
            ],
            "rotation": {
                "angle": 0,
                "axis": "z",
                "origin": [
                    11.0048,
                    2.29004,
                    8
                ]
            },
            "faces": {
                "north": {
                    "uv": [
                        10.85714,
                        10.85714,
                        10.28571,
                        11.42857
                    ],
                    "rotation": 270,
                    "texture": "#2"
                },
                "east": {
                    "uv": [
                        7.42857,
                        12,
                        8,
                        11.42857
                    ],
                    "rotation": 90,
                    "texture": "#2"
                },
                "south": {
                    "uv": [
                        5.71429,
                        11.42857,
                        5.14286,
                        12
                    ],
                    "rotation": 90,
                    "texture": "#2"
                },
                "up": {
                    "uv": [
                        4.57143,
                        11.42857,
                        4,
                        12
                    ],
                    "rotation": 90,
                    "texture": "#2"
                },
                "down": {
                    "uv": [
                        6.85714,
                        11.42857,
                        6.28571,
                        12
                    ],
                    "rotation": 90,
                    "texture": "#2"
                }
            }
        },
        {
            "from": [
                14.08077,
                3.06832,
                8.5
            ],
            "to": [
                15.08077,
                4.06832,
                9.5
            ],
            "rotation": {
                "angle": 0,
                "axis": "z",
                "origin": [
                    11.0048,
                    2.29004,
                    8
                ]
            },
            "faces": {
                "north": {
                    "uv": [
                        5.14286,
                        11.42857,
                        5.71429,
                        12
                    ],
                    "rotation": 270,
                    "texture": "#2"
                },
                "east": {
                    "uv": [
                        7.42857,
                        11.42857,
                        8,
                        12
                    ],
                    "rotation": 90,
                    "texture": "#2"
                },
                "south": {
                    "uv": [
                        10.28571,
                        10.85714,
                        10.85714,
                        11.42857
                    ],
                    "rotation": 90,
                    "texture": "#2"
                },
                "up": {
                    "uv": [
                        4,
                        11.42857,
                        4.57143,
                        12
                    ],
                    "rotation": 90,
                    "texture": "#2"
                },
                "down": {
                    "uv": [
                        6.28571,
                        11.42857,
                        6.85714,
                        12
                    ],
                    "rotation": 90,
                    "texture": "#2"
                }
            }
        },
        {
            "from": [
                13.31482,
                1.59043,
                8.375
            ],
            "to": [
                14.56482,
                2.84043,
                9.625
            ],
            "rotation": {
                "angle": 22.5,
                "axis": "z",
                "origin": [
                    11.0048,
                    2.29004,
                    8
                ]
            },
            "faces": {
                "north": {
                    "uv": [
                        5.71429,
                        9.71429,
                        6.42857,
                        10.42857
                    ],
                    "rotation": 270,
                    "texture": "#2"
                },
                "east": {
                    "uv": [
                        0,
                        10.28571,
                        0.71429,
                        11
                    ],
                    "rotation": 90,
                    "texture": "#2"
                },
                "south": {
                    "uv": [
                        9.14286,
                        9.14286,
                        9.85714,
                        9.85714
                    ],
                    "rotation": 90,
                    "texture": "#2"
                },
                "up": {
                    "uv": [
                        4,
                        9.71429,
                        4.71429,
                        10.42857
                    ],
                    "rotation": 90,
                    "texture": "#2"
                },
                "down": {
                    "uv": [
                        7.42857,
                        9.71429,
                        8.14286,
                        10.42857
                    ],
                    "rotation": 90,
                    "texture": "#2"
                }
            }
        },
        {
            "from": [
                11.33411,
                3.15399,
                8.25
            ],
            "to": [
                12.83411,
                4.65399,
                9.75
            ],
            "rotation": {
                "angle": -45,
                "axis": "z",
                "origin": [
                    11.0048,
                    2.29004,
                    8
                ]
            },
            "faces": {
                "north": {
                    "uv": [
                        8.57143,
                        4.57143,
                        9.42857,
                        5.42857
                    ],
                    "texture": "#2"
                },
                "east": {
                    "uv": [
                        8.57143,
                        6.28571,
                        9.42857,
                        7.14286
                    ],
                    "texture": "#2"
                },
                "south": {
                    "uv": [
                        7.42857,
                        8,
                        8.28571,
                        8.85714
                    ],
                    "texture": "#2"
                },
                "west": {
                    "uv": [
                        0,
                        8.57143,
                        0.85714,
                        9.42857
                    ],
                    "texture": "#2"
                },
                "up": {
                    "uv": [
                        9.14286,
                        0,
                        10,
                        0.85714
                    ],
                    "texture": "#2"
                },
                "down": {
                    "uv": [
                        9.14286,
                        2.57143,
                        10,
                        1.71429
                    ],
                    "texture": "#2"
                }
            }
        },
        {
            "from": [
                7.30479,
                1.82201,
                7.5
            ],
            "to": [
                8.30479,
                2.57201,
                8.5
            ],
            "rotation": {
                "angle": 22.5,
                "axis": "z",
                "origin": [
                    11.0048,
                    2.29004,
                    8
                ]
            },
            "faces": {
                "north": {
                    "uv": [
                        0.42857,
                        12,
                        0,
                        12.57143
                    ],
                    "rotation": 270,
                    "texture": "#2"
                },
                "east": {
                    "uv": [
                        12,
                        1.71429,
                        12.42857,
                        1.14286
                    ],
                    "rotation": 90,
                    "texture": "#2"
                },
                "south": {
                    "uv": [
                        12.42857,
                        0,
                        12,
                        0.57143
                    ],
                    "rotation": 90,
                    "texture": "#2"
                },
                "west": {
                    "uv": [
                        12,
                        2.28571,
                        12.42857,
                        2.85714
                    ],
                    "rotation": 90,
                    "texture": "#2"
                },
                "up": {
                    "uv": [
                        12,
                        10.28571,
                        11.42857,
                        10.85714
                    ],
                    "rotation": 90,
                    "texture": "#2"
                }
            }
        },
        {
            "from": [
                7.54908,
                1.13816,
                7.625
            ],
            "to": [
                8.29908,
                1.88816,
                8.375
            ],
            "rotation": {
                "angle": 0,
                "axis": "z",
                "origin": [
                    11.0048,
                    2.29004,
                    8
                ]
            },
            "faces": {
                "north": {
                    "uv": [
                        3.28571,
                        12,
                        2.85714,
                        12.42857
                    ],
                    "rotation": 270,
                    "texture": "#2"
                },
                "east": {
                    "uv": [
                        12,
                        6.14286,
                        12.42857,
                        5.71429
                    ],
                    "rotation": 90,
                    "texture": "#2"
                },
                "south": {
                    "uv": [
                        12.42857,
                        4.57143,
                        12,
                        5
                    ],
                    "rotation": 90,
                    "texture": "#2"
                },
                "west": {
                    "uv": [
                        12,
                        6.85714,
                        12.42857,
                        7.28571
                    ],
                    "rotation": 90,
                    "texture": "#2"
                },
                "up": {
                    "uv": [
                        12.42857,
                        3.42857,
                        12,
                        3.85714
                    ],
                    "rotation": 90,
                    "texture": "#2"
                }
            }
        },
        {
            "from": [
                11.02127,
                -1.15743,
                7.025
            ],
            "to": [
                11.52127,
                1.19257,
                7.055
            ],
            "rotation": {
                "angle": -45,
                "axis": "z",
                "origin": [
                    11.0048,
                    2.29004,
                    8
                ]
            },
            "faces": {
                "north": {
                    "uv": [
                        2,
                        10.85714,
                        1.71429,
                        12.14286
                    ],
                    "texture": "#2"
                },
                "south": {
                    "uv": [
                        1.71429,
                        10.85714,
                        2,
                        12.14286
                    ],
                    "texture": "#2"
                }
            }
        },
        {
            "from": [
                11.02127,
                -1.15743,
                8.945
            ],
            "to": [
                11.52127,
                1.19257,
                8.975
            ],
            "rotation": {
                "angle": -45,
                "axis": "z",
                "origin": [
                    11.0048,
                    2.29004,
                    8
                ]
            },
            "faces": {
                "north": {
                    "uv": [
                        2,
                        10.85714,
                        1.71429,
                        12.14286
                    ],
                    "texture": "#2"
                },
                "south": {
                    "uv": [
                        1.71429,
                        10.85714,
                        2,
                        12.14286
                    ],
                    "texture": "#2"
                }
            }
        },
        {
            "from": [
                11.02127,
                -1.15743,
                7.025
            ],
            "to": [
                11.52127,
                -1.12743,
                8.975
            ],
            "rotation": {
                "angle": -45,
                "axis": "z",
                "origin": [
                    11.0048,
                    2.29004,
                    8
                ]
            },
            "faces": {
                "up": {
                    "uv": [
                        11.42857,
                        12.57143,
                        11.71429,
                        11.42857
                    ],
                    "texture": "#2"
                },
                "down": {
                    "uv": [
                        11.42857,
                        11.42857,
                        11.71429,
                        12.57143
                    ],
                    "texture": "#2"
                }
            }
        },
        {
            "from": [
                10.13966,
                -1.13781,
                6.925
            ],
            "to": [
                10.63966,
                -1.10781,
                9.075
            ],
            "rotation": {
                "angle": -22.5,
                "axis": "z",
                "origin": [
                    11.0048,
                    2.29004,
                    8
                ]
            },
            "faces": {
                "up": {
                    "uv": [
                        10.85714,
                        1.71429,
                        11.14286,
                        3
                    ],
                    "texture": "#2"
                },
                "down": {
                    "uv": [
                        10.85714,
                        1.71429,
                        11.14286,
                        3
                    ],
                    "texture": "#2"
                }
            }
        },
        {
            "from": [
                10.13966,
                -1.13781,
                6.925
            ],
            "to": [
                10.63966,
                1.21219,
                6.955
            ],
            "rotation": {
                "angle": -22.5,
                "axis": "z",
                "origin": [
                    11.0048,
                    2.29004,
                    8
                ]
            },
            "faces": {
                "north": {
                    "uv": [
                        11.14286,
                        6.85714,
                        10.85714,
                        8.14286
                    ],
                    "texture": "#2"
                },
                "south": {
                    "uv": [
                        10.85714,
                        6.85714,
                        11.14286,
                        8.14286
                    ],
                    "texture": "#2"
                }
            }
        },
        {
            "from": [
                10.13966,
                -1.13781,
                9.045
            ],
            "to": [
                10.63966,
                1.21219,
                9.075
            ],
            "rotation": {
                "angle": -22.5,
                "axis": "z",
                "origin": [
                    11.0048,
                    2.29004,
                    8
                ]
            },
            "faces": {
                "north": {
                    "uv": [
                        11.14286,
                        6.85714,
                        10.85714,
                        8.14286
                    ],
                    "texture": "#2"
                },
                "south": {
                    "uv": [
                        10.85714,
                        6.85714,
                        11.14286,
                        8.14286
                    ],
                    "texture": "#2"
                }
            }
        },
        {
            "from": [
                12.13866,
                0.46219,
                5.25
            ],
            "to": [
                12.16866,
                2.96219,
                10.75
            ],
            "rotation": {
                "angle": -22.5,
                "axis": "z",
                "origin": [
                    11.0048,
                    2.29004,
                    8
                ]
            },
            "faces": {
                "east": {
                    "uv": [
                        0,
                        11,
                        5,
                        0
                    ],
                    "rotation": 90,
                    "texture": "#4"
                },
                "west": {
                    "uv": [
                        0,
                        0,
                        5,
                        11
                    ],
                    "rotation": 90,
                    "texture": "#4"
                }
            }
        },
        {
            "from": [
                5.5,
                1.75,
                5.5
            ],
            "to": [
                10.5,
                7.25,
                10.5
            ],
            "rotation": {
                "angle": 0,
                "axis": "y",
                "origin": [
                    10.5,
                    1,
                    6
                ]
            },
            "faces": {
                "north": {
                    "uv": [
                        0,
                        0,
                        2.85714,
                        3.14286
                    ],
                    "texture": "#5"
                },
                "east": {
                    "uv": [
                        3.42857,
                        0,
                        6.28571,
                        3.14286
                    ],
                    "texture": "#5"
                },
                "south": {
                    "uv": [
                        0,
                        4,
                        2.85714,
                        7.14286
                    ],
                    "texture": "#5"
                },
                "west": {
                    "uv": [
                        3.42857,
                        4,
                        6.28571,
                        7.14286
                    ],
                    "texture": "#5"
                },
                "up": {
                    "uv": [
                        9.71429,
                        2.85714,
                        6.85714,
                        0
                    ],
                    "texture": "#5"
                },
                "down": {
                    "uv": [
                        9.71429,
                        3.42857,
                        6.85714,
                        6.28571
                    ],
                    "texture": "#5"
                }
            }
        },
        {
            "from": [
                5.5,
                8.75,
                5.5
            ],
            "to": [
                10.5,
                10.25,
                10.5
            ],
            "rotation": {
                "angle": 0,
                "axis": "y",
                "origin": [
                    10.5,
                    8,
                    6
                ]
            },
            "faces": {
                "north": {
                    "uv": [
                        5.71429,
                        10.28571,
                        8.57143,
                        11.14286
                    ],
                    "texture": "#5"
                },
                "east": {
                    "uv": [
                        10.28571,
                        5.71429,
                        13.14286,
                        6.57143
                    ],
                    "texture": "#5"
                },
                "south": {
                    "uv": [
                        10.28571,
                        7.42857,
                        13.14286,
                        8.28571
                    ],
                    "texture": "#5"
                },
                "west": {
                    "uv": [
                        9.14286,
                        10.28571,
                        12,
                        11.14286
                    ],
                    "texture": "#5"
                },
                "up": {
                    "uv": [
                        9.71429,
                        9.71429,
                        6.85714,
                        6.85714
                    ],
                    "texture": "#5"
                },
                "down": {
                    "uv": [
                        2.85714,
                        8,
                        0,
                        10.85714
                    ],
                    "texture": "#5"
                }
            }
        },
        {
            "from": [
                7,
                7.06421,
                5
            ],
            "to": [
                9,
                9.06421,
                6
            ],
            "rotation": {
                "angle": 45,
                "axis": "z",
                "origin": [
                    8,
                    8.06421,
                    8
                ]
            },
            "faces": {
                "north": {
                    "uv": [
                        12,
                        1.71429,
                        13.14286,
                        2.85714
                    ],
                    "texture": "#5"
                },
                "east": {
                    "uv": [
                        5.71429,
                        8,
                        6.28571,
                        9.14286
                    ],
                    "texture": "#5"
                },
                "south": {
                    "uv": [
                        12,
                        3.42857,
                        13.14286,
                        4.57143
                    ],
                    "texture": "#5"
                },
                "west": {
                    "uv": [
                        6.85714,
                        12,
                        7.42857,
                        13.14286
                    ],
                    "texture": "#5"
                },
                "up": {
                    "uv": [
                        11.42857,
                        9.71429,
                        10.28571,
                        9.14286
                    ],
                    "texture": "#5"
                },
                "down": {
                    "uv": [
                        9.14286,
                        12,
                        8,
                        12.57143
                    ],
                    "texture": "#5"
                }
            }
        },
        {
            "from": [
                7,
                7.06421,
                10
            ],
            "to": [
                9,
                9.06421,
                11
            ],
            "rotation": {
                "angle": 45,
                "axis": "z",
                "origin": [
                    8,
                    8.06421,
                    8
                ]
            },
            "faces": {
                "north": {
                    "uv": [
                        13.14286,
                        3.42857,
                        12,
                        4.57143
                    ],
                    "texture": "#5"
                },
                "east": {
                    "uv": [
                        6.28571,
                        8,
                        5.71429,
                        9.14286
                    ],
                    "texture": "#5"
                },
                "south": {
                    "uv": [
                        13.14286,
                        1.71429,
                        12,
                        2.85714
                    ],
                    "texture": "#5"
                },
                "west": {
                    "uv": [
                        7.42857,
                        12,
                        6.85714,
                        13.14286
                    ],
                    "texture": "#5"
                },
                "up": {
                    "uv": [
                        11.42857,
                        9.14286,
                        10.28571,
                        9.71429
                    ],
                    "texture": "#5"
                },
                "down": {
                    "uv": [
                        9.14286,
                        12.57143,
                        8,
                        12
                    ],
                    "texture": "#5"
                }
            }
        },
        {
            "from": [
                5,
                7.06421,
                7
            ],
            "to": [
                6,
                9.06421,
                9
            ],
            "rotation": {
                "angle": -45,
                "axis": "x",
                "origin": [
                    8,
                    8.06421,
                    8
                ]
            },
            "faces": {
                "north": {
                    "uv": [
                        7.42857,
                        12,
                        6.85714,
                        13.14286
                    ],
                    "texture": "#5"
                },
                "east": {
                    "uv": [
                        13.14286,
                        3.42857,
                        12,
                        4.57143
                    ],
                    "texture": "#5"
                },
                "south": {
                    "uv": [
                        6.28571,
                        8,
                        5.71429,
                        9.14286
                    ],
                    "texture": "#5"
                },
                "west": {
                    "uv": [
                        13.14286,
                        1.71429,
                        12,
                        2.85714
                    ],
                    "texture": "#5"
                },
                "up": {
                    "uv": [
                        11.42857,
                        9.14286,
                        10.28571,
                        9.71429
                    ],
                    "rotation": 90,
                    "texture": "#5"
                },
                "down": {
                    "uv": [
                        9.14286,
                        12.57143,
                        8,
                        12
                    ],
                    "rotation": 270,
                    "texture": "#5"
                }
            }
        },
        {
            "from": [
                10,
                7.06421,
                7
            ],
            "to": [
                11,
                9.06421,
                9
            ],
            "rotation": {
                "angle": -45,
                "axis": "x",
                "origin": [
                    8,
                    8.06421,
                    8
                ]
            },
            "faces": {
                "north": {
                    "uv": [
                        6.85714,
                        12,
                        7.42857,
                        13.14286
                    ],
                    "texture": "#5"
                },
                "east": {
                    "uv": [
                        12,
                        1.71429,
                        13.14286,
                        2.85714
                    ],
                    "texture": "#5"
                },
                "south": {
                    "uv": [
                        5.71429,
                        8,
                        6.28571,
                        9.14286
                    ],
                    "texture": "#5"
                },
                "west": {
                    "uv": [
                        12,
                        3.42857,
                        13.14286,
                        4.57143
                    ],
                    "texture": "#5"
                },
                "up": {
                    "uv": [
                        11.42857,
                        9.71429,
                        10.28571,
                        9.14286
                    ],
                    "rotation": 90,
                    "texture": "#5"
                },
                "down": {
                    "uv": [
                        9.14286,
                        12,
                        8,
                        12.57143
                    ],
                    "rotation": 270,
                    "texture": "#5"
                }
            }
        },
        {
            "from": [
                7,
                1.5,
                5.25
            ],
            "to": [
                9,
                5.5,
                6.25
            ],
            "rotation": {
                "angle": 0,
                "axis": "y",
                "origin": [
                    8,
                    1.5,
                    5.25
                ]
            },
            "faces": {
                "north": {
                    "uv": [
                        10.28571,
                        0,
                        11.42857,
                        2.28571
                    ],
                    "texture": "#5"
                },
                "east": {
                    "uv": [
                        2.28571,
                        11.42857,
                        2.85714,
                        13.71429
                    ],
                    "texture": "#5"
                },
                "south": {
                    "uv": [
                        10.28571,
                        2.85714,
                        11.42857,
                        5.14286
                    ],
                    "texture": "#5"
                },
                "west": {
                    "uv": [
                        5.71429,
                        12,
                        6.28571,
                        14.28571
                    ],
                    "texture": "#5"
                },
                "up": {
                    "uv": [
                        13.14286,
                        9.71429,
                        12,
                        9.14286
                    ],
                    "texture": "#5"
                },
                "down": {
                    "uv": [
                        10.85714,
                        12,
                        9.71429,
                        12.57143
                    ],
                    "texture": "#5"
                }
            }
        },
        {
            "from": [
                8.23866,
                1,
                5.32366
            ],
            "to": [
                10.73866,
                11,
                5.35366
            ],
            "rotation": {
                "angle": 0,
                "axis": "y",
                "origin": [
                    9,
                    2.59999,
                    5.33866
                ]
            },
            "faces": {
                "north": {
                    "uv": [
                        4.85714,
                        8,
                        3.42857,
                        13.71429
                    ],
                    "texture": "#5"
                },
                "south": {
                    "uv": [
                        3.42857,
                        8,
                        4.85714,
                        13.71429
                    ],
                    "texture": "#5"
                }
            }
        },
        {
            "from": [
                8.9086,
                -0.21285,
                5.32866
            ],
            "to": [
                11.2186,
                1.78715,
                5.34866
            ],
            "rotation": {
                "angle": -22.5,
                "axis": "z",
                "origin": [
                    9,
                    2.59999,
                    5.33866
                ]
            },
            "faces": {
                "north": {
                    "uv": [
                        1.42857,
                        11.42857,
                        0,
                        12.57143
                    ],
                    "texture": "#5"
                },
                "south": {
                    "uv": [
                        0,
                        11.42857,
                        1.42857,
                        12.57143
                    ],
                    "texture": "#5"
                }
            }
        },
        {
            "from": [
                9.99114,
                -1.14972,
                5.33366
            ],
            "to": [
                12.12614,
                0.85028,
                5.34366
            ],
            "rotation": {
                "angle": -45,
                "axis": "z",
                "origin": [
                    9,
                    2.59999,
                    5.33866
                ]
            },
            "faces": {
                "north": {
                    "uv": [
                        13.42857,
                        0,
                        12,
                        1.14286
                    ],
                    "texture": "#5"
                },
                "south": {
                    "uv": [
                        12,
                        0,
                        13.42857,
                        1.14286
                    ],
                    "texture": "#5"
                }
            }
        },
        {
            "from": [
                8.23866,
                1,
                10.64634
            ],
            "to": [
                10.73866,
                11,
                10.67634
            ],
            "rotation": {
                "angle": 0,
                "axis": "y",
                "origin": [
                    9,
                    2.59999,
                    10.66134
                ]
            },
            "faces": {
                "north": {
                    "uv": [
                        4.85714,
                        8,
                        3.42857,
                        13.71429
                    ],
                    "texture": "#5"
                },
                "south": {
                    "uv": [
                        3.42857,
                        8,
                        4.85714,
                        13.71429
                    ],
                    "texture": "#5"
                }
            }
        },
        {
            "from": [
                8.9086,
                -0.21285,
                10.65134
            ],
            "to": [
                11.2186,
                1.78715,
                10.67134
            ],
            "rotation": {
                "angle": -22.5,
                "axis": "z",
                "origin": [
                    9,
                    2.59999,
                    10.66134
                ]
            },
            "faces": {
                "north": {
                    "uv": [
                        1.42857,
                        11.42857,
                        0,
                        12.57143
                    ],
                    "texture": "#5"
                },
                "south": {
                    "uv": [
                        0,
                        11.42857,
                        1.42857,
                        12.57143
                    ],
                    "texture": "#5"
                }
            }
        },
        {
            "from": [
                9.99114,
                -1.14972,
                10.65634
            ],
            "to": [
                12.12614,
                0.85028,
                10.66634
            ],
            "rotation": {
                "angle": -45,
                "axis": "z",
                "origin": [
                    9,
                    2.59999,
                    10.66134
                ]
            },
            "faces": {
                "north": {
                    "uv": [
                        13.42857,
                        0,
                        12,
                        1.14286
                    ],
                    "texture": "#5"
                },
                "south": {
                    "uv": [
                        12,
                        0,
                        13.42857,
                        1.14286
                    ],
                    "texture": "#5"
                }
            }
        },
        {
            "from": [
                7,
                1.5,
                9.75
            ],
            "to": [
                9,
                5.5,
                10.75
            ],
            "rotation": {
                "angle": 0,
                "axis": "y",
                "origin": [
                    8,
                    1.5,
                    10.75
                ]
            },
            "faces": {
                "north": {
                    "uv": [
                        11.42857,
                        2.85714,
                        10.28571,
                        5.14286
                    ],
                    "texture": "#5"
                },
                "east": {
                    "uv": [
                        2.85714,
                        11.42857,
                        2.28571,
                        13.71429
                    ],
                    "texture": "#5"
                },
                "south": {
                    "uv": [
                        11.42857,
                        0,
                        10.28571,
                        2.28571
                    ],
                    "texture": "#5"
                },
                "west": {
                    "uv": [
                        6.28571,
                        12,
                        5.71429,
                        14.28571
                    ],
                    "texture": "#5"
                },
                "up": {
                    "uv": [
                        13.14286,
                        9.14286,
                        12,
                        9.71429
                    ],
                    "texture": "#5"
                },
                "down": {
                    "uv": [
                        10.85714,
                        12.57143,
                        9.71429,
                        12
                    ],
                    "texture": "#5"
                }
            }
        },
        {
            "from": [
                9.25,
                1,
                5.15
            ],
            "to": [
                10.75,
                9.75,
                5.15
            ],
            "rotation": {
                "angle": 0,
                "axis": "y",
                "origin": [
                    10,
                    5.375,
                    5.15
                ]
            },
            "faces": {
                "north": {
                    "uv": [
                        0,
                        0,
                        2.74857,
                        16
                    ],
                    "texture": "#3"
                }
            }
        },
        {
            "from": [
                9.25,
                1,
                10.85
            ],
            "to": [
                10.75,
                9.75,
                10.85
            ],
            "rotation": {
                "angle": 0,
                "axis": "y",
                "origin": [
                    10,
                    5.375,
                    10.85
                ]
            },
            "faces": {
                "south": {
                    "uv": [
                        2.74857,
                        0,
                        0,
                        16
                    ],
                    "texture": "#3"
                }
            }
        }
    ],
    "gui_light": "front",
    "display": {
        "thirdperson_righthand": {
            "rotation": [
                90,
                0,
                0
            ],
            "translation": [
                0,
                -2,
                5
            ]
        },
        "thirdperson_lefthand": {
            "rotation": [
                90,
                -180,
                0
            ],
            "translation": [
                0,
                -2,
                5
            ]
        },
        "firstperson_righthand": {
            "rotation": [
                140,
                90,
                0
            ],
            "translation": [
                2.5,
                -0.25,
                1.5
            ],
            "scale": [
                0.8,
                0.8,
                0.8
            ]
        },
        "firstperson_lefthand": {
            "rotation": [
                140,
                -90,
                0
            ],
            "translation": [
                2.5,
                -0.25,
                1.5
            ],
            "scale": [
                0.8,
                0.8,
                0.8
            ]
        },
        "ground": {
            "rotation": [
                0,
                0,
                125
            ],
            "translation": [
                0,
                3,
                0
            ],
            "scale": [
                0.7,
                0.7,
                0.7
            ]
        },
        "gui": {
            "rotation": [
                -154.83,
                33.93,
                -66.68
            ],
            "translation": [
                2,
                -2.25,
                0
            ]
        },
        "head": {
            "rotation": [
                0,
                -90,
                0
            ]
        },
        "fixed": {
            "rotation": [
                90,
                -90,
                0
            ],
            "translation": [
                0,
                0,
                -5.5
            ],
            "scale": [
                2,
                2,
                2
            ]
        }
    }
}