{
	"credit": "Made by PolygonMC",
	"texture_size": [28, 28],
	"textures": {
		"1": "infernoset:animations/animations_2",
		"2": "infernoset:backpack",
		"particle": "infernoset:animations/animations_2"
	},
	"elements": [
		{
			"from": [4.4, 7.15036, 10.16083],
			"to": [7.9, 7.18036, 11.41083],
			"rotation": {"angle": -45, "axis": "x", "origin": [5.4, 7.17286, 10.79333]},
			"faces": {
				"up": {"uv": [13.28571, 10, 12.57143, 8], "rotation": 90, "texture": "#2"},
				"down": {"uv": [11, 12.57143, 10.28571, 14.57143], "rotation": 270, "texture": "#2"}
			}
		},
		{
			"from": [4.4, 6.55536, 10.78583],
			"to": [7.9, 7.80536, 10.81583],
			"rotation": {"angle": -45, "axis": "x", "origin": [5.4, 7.17286, 10.79333]},
			"faces": {
				"north": {"uv": [11.42857, 12.57143, 13.42857, 13.28571], "texture": "#2"},
				"south": {"uv": [12.57143, 10.28571, 14.57143, 11], "texture": "#2"}
			}
		},
		{
			"from": [8.1, 7.15036, 10.16083],
			"to": [11.6, 7.18036, 11.41083],
			"rotation": {"angle": -45, "axis": "x", "origin": [10.6, 7.17286, 10.79333]},
			"faces": {
				"up": {"uv": [13.28571, 8, 12.57143, 10], "rotation": 90, "texture": "#2"},
				"down": {"uv": [11, 14.57143, 10.28571, 12.57143], "rotation": 270, "texture": "#2"}
			}
		},
		{
			"from": [8.1, 6.55536, 10.78583],
			"to": [11.6, 7.80536, 10.81583],
			"rotation": {"angle": -45, "axis": "x", "origin": [10.6, 7.17286, 10.79333]},
			"faces": {
				"north": {"uv": [13.42857, 12.57143, 11.42857, 13.28571], "texture": "#2"},
				"south": {"uv": [14.57143, 10.28571, 12.57143, 11], "texture": "#2"}
			}
		},
		{
			"from": [7.25, 6.36548, 10],
			"to": [8.75, 7.86548, 11],
			"rotation": {"angle": -22.5, "axis": "x", "origin": [9, 8.11548, 10.75]},
			"faces": {
				"north": {"uv": [13.71429, 12.57143, 14.57143, 13.42857], "texture": "#2"},
				"east": {"uv": [8.57143, 12, 9.14286, 12.85714], "texture": "#2"},
				"south": {"uv": [12.57143, 13.71429, 13.42857, 14.57143], "texture": "#2"},
				"west": {"uv": [9.71429, 13.71429, 10.28571, 14.57143], "texture": "#2"},
				"down": {"uv": [6.28571, 14.28571, 5.71429, 15.14286], "rotation": 270, "texture": "#2"}
			}
		},
		{
			"from": [7, 7.86548, 10],
			"to": [9, 9.86548, 12],
			"rotation": {"angle": -22.5, "axis": "x", "origin": [9, 8.11548, 10.75]},
			"faces": {
				"north": {"uv": [13.71429, 0, 14.85714, 1.14286], "texture": "#2"},
				"east": {"uv": [12.57143, 11.42857, 13.71429, 12.57143], "texture": "#2"},
				"south": {"uv": [13.14286, 4.57143, 14.28571, 5.71429], "texture": "#2"},
				"west": {"uv": [13.14286, 5.71429, 14.28571, 6.85714], "texture": "#2"},
				"up": {"uv": [2.28571, 14.85714, 1.14286, 13.71429], "rotation": 90, "texture": "#2"},
				"down": {"uv": [14.85714, 1.14286, 13.71429, 2.28571], "rotation": 270, "texture": "#2"}
			}
		},
		{
			"from": [8.50282, 9.31204, 10.04231],
			"to": [10.00282, 10.31204, 11.04231],
			"rotation": {"angle": -22.5, "axis": "x", "origin": [11.09986, 10.31204, 10.85]},
			"faces": {
				"north": {"uv": [12, 6.28571, 12.85714, 6.85714], "texture": "#2"},
				"east": {"uv": [4, 9.71429, 4.57143, 10.28571], "texture": "#2"},
				"south": {"uv": [2.85714, 9.71429, 3.71429, 10.28571], "texture": "#2"},
				"west": {"uv": [8.57143, 13.14286, 9.14286, 13.71429], "texture": "#2"},
				"up": {"uv": [15.42857, 2, 14.85714, 1.14286], "rotation": 90, "texture": "#2"},
				"down": {"uv": [2.85714, 14.85714, 2.28571, 15.71429], "rotation": 270, "texture": "#2"}
			}
		},
		{
			"from": [9.72182, 9.42204, 10.25463],
			"to": [10.89182, 10.20204, 11.03463],
			"rotation": {"angle": -22.5, "axis": "x", "origin": [11.09986, 10.31204, 10.85]},
			"faces": {
				"north": {"uv": [7.42857, 14.85714, 8.14286, 15.28571], "texture": "#2"},
				"east": {"uv": [14.85714, 10.28571, 15.28571, 10.71429], "texture": "#2"},
				"south": {"uv": [14.85714, 6.85714, 15.57143, 7.28571], "texture": "#2"},
				"up": {"uv": [15.28571, 8.14286, 14.85714, 7.42857], "rotation": 90, "texture": "#2"},
				"down": {"uv": [9, 14.85714, 8.57143, 15.57143], "rotation": 270, "texture": "#2"}
			}
		},
		{
			"from": [10.31462, 9.42068, 11.01501],
			"to": [10.89182, 9.99788, 11.88081],
			"rotation": {"angle": -22.5, "axis": "x", "origin": [11.09381, 10.30928, 10.57836]},
			"faces": {
				"east": {"uv": [14.85714, 11.42857, 15.28571, 11.71429], "texture": "#2"},
				"south": {"uv": [14.85714, 13.71429, 15.14286, 14], "texture": "#2"},
				"west": {"uv": [12, 14.85714, 12.42857, 15.14286], "texture": "#2"},
				"up": {"uv": [15.28571, 12.28571, 14.85714, 12], "rotation": 90, "texture": "#2"},
				"down": {"uv": [13, 14.85714, 12.57143, 15.14286], "rotation": 270, "texture": "#2"}
			}
		},
		{
			"from": [7.5, 6.07983, 11.6476],
			"to": [8.5, 6.57983, 11.6776],
			"rotation": {"angle": -22.5, "axis": "x", "origin": [9.25, 6.14233, 11.7026]},
			"faces": {
				"north": {"uv": [11.42857, 14.85714, 12, 15.14286], "texture": "#2"},
				"south": {"uv": [14.85714, 10.85714, 15.42857, 11.14286], "texture": "#2"}
			}
		},
		{
			"from": [5.10818, 9.42068, 11.01501],
			"to": [5.68538, 9.99788, 11.88081],
			"rotation": {"angle": -22.5, "axis": "x", "origin": [6.90619, 10.30928, 10.57836]},
			"faces": {
				"east": {"uv": [14.85714, 12.57143, 15.28571, 12.85714], "texture": "#2"},
				"south": {"uv": [14.28571, 14.85714, 14.57143, 15.14286], "texture": "#2"},
				"west": {"uv": [13.14286, 14.85714, 13.57143, 15.14286], "texture": "#2"},
				"up": {"uv": [15.28571, 13.42857, 14.85714, 13.14286], "rotation": 90, "texture": "#2"},
				"down": {"uv": [14.14286, 14.85714, 13.71429, 15.14286], "rotation": 270, "texture": "#2"}
			}
		},
		{
			"from": [5.10818, 9.42204, 10.25463],
			"to": [6.27818, 10.20204, 11.03463],
			"rotation": {"angle": -22.5, "axis": "x", "origin": [6.90014, 10.31204, 10.85]},
			"faces": {
				"north": {"uv": [9.14286, 14.85714, 9.85714, 15.28571], "texture": "#2"},
				"south": {"uv": [14.85714, 8.57143, 15.57143, 9], "texture": "#2"},
				"west": {"uv": [10.85714, 14.85714, 11.28571, 15.28571], "texture": "#2"},
				"up": {"uv": [15.28571, 9.85714, 14.85714, 9.14286], "rotation": 90, "texture": "#2"},
				"down": {"uv": [10.71429, 14.85714, 10.28571, 15.57143], "rotation": 270, "texture": "#2"}
			}
		},
		{
			"from": [5.99718, 9.31204, 10.04231],
			"to": [7.49718, 10.31204, 11.04231],
			"rotation": {"angle": -22.5, "axis": "x", "origin": [6.90014, 10.31204, 10.85]},
			"faces": {
				"north": {"uv": [2.85714, 14.85714, 3.71429, 15.42857], "texture": "#2"},
				"east": {"uv": [4.57143, 14.85714, 5.14286, 15.42857], "texture": "#2"},
				"south": {"uv": [14.85714, 2.28571, 15.71429, 2.85714], "texture": "#2"},
				"west": {"uv": [5.14286, 14.85714, 5.71429, 15.42857], "texture": "#2"},
				"up": {"uv": [15.42857, 3.71429, 14.85714, 2.85714], "rotation": 90, "texture": "#2"},
				"down": {"uv": [4.57143, 14.85714, 4, 15.71429], "rotation": 270, "texture": "#2"}
			}
		},
		{
			"from": [6, 6.59437, 11.77],
			"to": [10, 8.59437, 11.8],
			"rotation": {"angle": -22.5, "axis": "x", "origin": [10, 6.59437, 11.7]},
			"faces": {
				"north": {"uv": [0, 0, 16, 8.00833], "texture": "#1"},
				"south": {"uv": [16, 0, 0, 8.00833], "texture": "#1"}
			}
		},
		{
			"from": [4.5, 10.97, 0.779],
			"to": [6, 11, 5.029],
			"rotation": {"angle": 0, "axis": "x", "origin": [4.75, 11.97, 4.029]},
			"faces": {
				"up": {"uv": [0.85714, 14.42857, 0, 12], "texture": "#2"},
				"down": {"uv": [0.85714, 12, 0, 14.42857], "texture": "#2"}
			}
		},
		{
			"from": [4.5, 2.97, 0.779],
			"to": [6, 3, 5.029],
			"rotation": {"angle": 0, "axis": "x", "origin": [4.75, 3.97, 4.029]},
			"faces": {
				"up": {"uv": [0.85714, 14.42857, 0, 12], "texture": "#2"},
				"down": {"uv": [0.85714, 12, 0, 14.42857], "texture": "#2"}
			}
		},
		{
			"from": [4.5, 3, 0.779],
			"to": [6, 11, 0.809],
			"rotation": {"angle": 0, "axis": "x", "origin": [4.75, 11, 5.029]},
			"faces": {
				"north": {"uv": [6.28571, 10.28571, 7.14286, 14.85714], "texture": "#2"},
				"south": {"uv": [7.14286, 10.28571, 6.28571, 14.85714], "texture": "#2"}
			}
		},
		{
			"from": [4.5, 10, 4.999],
			"to": [6, 11, 5.029],
			"rotation": {"angle": 0, "axis": "x", "origin": [4.75, 11, 4.999]},
			"faces": {
				"north": {"uv": [14.85714, 4, 15.71429, 4.57143], "texture": "#2"},
				"south": {"uv": [14.85714, 4, 15.71429, 4.57143], "texture": "#2"}
			}
		},
		{
			"from": [10, 10, 4.999],
			"to": [11.5, 11, 5.029],
			"rotation": {"angle": 0, "axis": "x", "origin": [11.25, 11, 4.999]},
			"faces": {
				"north": {"uv": [15.71429, 4, 14.85714, 4.57143], "texture": "#2"},
				"south": {"uv": [15.71429, 4, 14.85714, 4.57143], "texture": "#2"}
			}
		},
		{
			"from": [10, 10.97, 0.779],
			"to": [11.5, 11, 5.029],
			"rotation": {"angle": 0, "axis": "x", "origin": [11.25, 11.97, 4.029]},
			"faces": {
				"up": {"uv": [0, 14.42857, 0.85714, 12], "texture": "#2"},
				"down": {"uv": [0, 12, 0.85714, 14.42857], "texture": "#2"}
			}
		},
		{
			"from": [10, 3, 0.779],
			"to": [11.5, 11, 0.809],
			"rotation": {"angle": 0, "axis": "x", "origin": [11.25, 11, 5.029]},
			"faces": {
				"north": {"uv": [7.14286, 10.28571, 6.28571, 14.85714], "texture": "#2"},
				"south": {"uv": [6.28571, 10.28571, 7.14286, 14.85714], "texture": "#2"}
			}
		},
		{
			"from": [10, 2.97, 0.779],
			"to": [11.5, 3, 5.029],
			"rotation": {"angle": 0, "axis": "x", "origin": [11.25, 3.97, 4.029]},
			"faces": {
				"up": {"uv": [0, 14.42857, 0.85714, 12], "texture": "#2"},
				"down": {"uv": [0, 12, 0.85714, 14.42857], "texture": "#2"}
			}
		},
		{
			"from": [-0.17748, 7.79378, 7.3992],
			"to": [1.23497, 9.20623, 8.6158],
			"rotation": {"angle": -45, "axis": "y", "origin": [0.82874, 8.25, 8.2075]},
			"faces": {
				"north": {"uv": [13.71429, 13.71429, 14.57143, 14.57143], "texture": "#2"},
				"east": {"uv": [14.28571, 5.71429, 15, 6.57143], "texture": "#2"},
				"south": {"uv": [14.28571, 4.57143, 15.14286, 5.42857], "texture": "#2"},
				"west": {"uv": [0, 14.85714, 0.71429, 15.71429], "texture": "#2"},
				"up": {"uv": [15.71429, 0.71429, 14.85714, 0], "texture": "#2"},
				"down": {"uv": [2, 14.85714, 1.14286, 15.57143], "texture": "#2"}
			}
		},
		{
			"from": [0.96, 7.6575, 6.5325],
			"to": [2.54, 9.3425, 8.2175],
			"rotation": {"angle": 22.5, "axis": "y", "origin": [1.75, 8.25, 7.625]},
			"faces": {
				"north": {"uv": [8.57143, 13.71429, 9.42857, 14.71429], "texture": "#2"},
				"east": {"uv": [7.42857, 13.71429, 8.42857, 14.71429], "texture": "#2"},
				"south": {"uv": [13.71429, 9.14286, 14.57143, 10.14286], "texture": "#2"},
				"west": {"uv": [13.71429, 8, 14.71429, 9], "texture": "#2"},
				"up": {"uv": [12.28571, 14.71429, 11.42857, 13.71429], "texture": "#2"},
				"down": {"uv": [14.57143, 11.42857, 13.71429, 12.42857], "texture": "#2"}
			}
		},
		{
			"from": [2, 7.5, 6.25],
			"to": [4, 9.5, 8.25],
			"rotation": {"angle": 0, "axis": "y", "origin": [2, 7.5, 6.25]},
			"faces": {
				"north": {"uv": [2.28571, 13.71429, 3.42857, 14.85714], "texture": "#2"},
				"south": {"uv": [13.71429, 2.28571, 14.85714, 3.42857], "texture": "#2"},
				"west": {"uv": [3.42857, 13.71429, 4.57143, 14.85714], "texture": "#2"},
				"up": {"uv": [14.85714, 4.57143, 13.71429, 3.42857], "texture": "#2"},
				"down": {"uv": [5.71429, 13.71429, 4.57143, 14.85714], "texture": "#2"}
			}
		},
		{
			"from": [12, 7.5, 6.25],
			"to": [14, 9.5, 8.25],
			"rotation": {"angle": 0, "axis": "y", "origin": [14, 7.5, 6.25]},
			"faces": {
				"north": {"uv": [3.42857, 13.71429, 2.28571, 14.85714], "texture": "#2"},
				"east": {"uv": [4.57143, 13.71429, 3.42857, 14.85714], "texture": "#2"},
				"south": {"uv": [14.85714, 2.28571, 13.71429, 3.42857], "texture": "#2"},
				"up": {"uv": [13.71429, 4.57143, 14.85714, 3.42857], "texture": "#2"},
				"down": {"uv": [4.57143, 13.71429, 5.71429, 14.85714], "texture": "#2"}
			}
		},
		{
			"from": [13.46, 7.6575, 6.5325],
			"to": [15.04, 9.3425, 8.2175],
			"rotation": {"angle": -22.5, "axis": "y", "origin": [14.25, 8.25, 7.625]},
			"faces": {
				"north": {"uv": [9.42857, 13.71429, 8.57143, 14.71429], "texture": "#2"},
				"east": {"uv": [14.71429, 8, 13.71429, 9], "texture": "#2"},
				"south": {"uv": [14.57143, 9.14286, 13.71429, 10.14286], "texture": "#2"},
				"west": {"uv": [8.42857, 13.71429, 7.42857, 14.71429], "texture": "#2"},
				"up": {"uv": [11.42857, 14.71429, 12.28571, 13.71429], "texture": "#2"},
				"down": {"uv": [13.71429, 11.42857, 14.57143, 12.42857], "texture": "#2"}
			}
		},
		{
			"from": [14.76503, 7.79378, 7.3992],
			"to": [16.17748, 9.20623, 8.6158],
			"rotation": {"angle": 45, "axis": "y", "origin": [15.17126, 8.25, 8.2075]},
			"faces": {
				"north": {"uv": [14.57143, 13.71429, 13.71429, 14.57143], "texture": "#2"},
				"east": {"uv": [0.71429, 14.85714, 0, 15.71429], "texture": "#2"},
				"south": {"uv": [15.14286, 4.57143, 14.28571, 5.42857], "texture": "#2"},
				"west": {"uv": [15, 5.71429, 14.28571, 6.57143], "texture": "#2"},
				"up": {"uv": [14.85714, 0.71429, 15.71429, 0], "texture": "#2"},
				"down": {"uv": [1.14286, 14.85714, 2, 15.57143], "texture": "#2"}
			}
		},
		{
			"from": [4, 6, 10],
			"to": [4.5, 10, 12],
			"rotation": {"angle": 0, "axis": "y", "origin": [4, 0, 10]},
			"faces": {
				"east": {"uv": [11.42857, 8, 12.57143, 10.28571], "texture": "#2"},
				"south": {"uv": [5.71429, 12, 6, 14.28571], "texture": "#2"},
				"west": {"uv": [9.14286, 11.42857, 10.28571, 13.71429], "texture": "#2"},
				"up": {"uv": [6.57143, 16, 6.28571, 14.85714], "texture": "#2"},
				"down": {"uv": [7.14286, 14.85714, 6.85714, 16], "texture": "#2"}
			}
		},
		{
			"from": [11.5, 6, 10],
			"to": [12, 10, 12],
			"rotation": {"angle": 0, "axis": "y", "origin": [12, 0, 10]},
			"faces": {
				"east": {"uv": [10.28571, 11.42857, 9.14286, 13.71429], "texture": "#2"},
				"south": {"uv": [6, 12, 5.71429, 14.28571], "texture": "#2"},
				"west": {"uv": [12.57143, 8, 11.42857, 10.28571], "texture": "#2"},
				"up": {"uv": [6.28571, 16, 6.57143, 14.85714], "texture": "#2"},
				"down": {"uv": [6.85714, 14.85714, 7.14286, 16], "texture": "#2"}
			}
		},
		{
			"from": [6, 10, 7.475],
			"to": [10, 12, 7.505],
			"rotation": {"angle": 0, "axis": "y", "origin": [4, 4, 2.475]},
			"faces": {
				"north": {"uv": [12.57143, 11.42857, 10.28571, 12.57143], "texture": "#2"},
				"south": {"uv": [10.28571, 11.42857, 12.57143, 12.57143], "texture": "#2"}
			}
		},
		{
			"from": [4, 6, 5],
			"to": [12, 10, 10],
			"rotation": {"angle": 0, "axis": "y", "origin": [4, 0, 5]},
			"faces": {
				"north": {"uv": [9.14286, 0, 13.71429, 2.28571], "texture": "#2"},
				"east": {"uv": [9.14286, 4.57143, 12, 6.85714], "texture": "#2"},
				"south": {"uv": [9.14286, 2.28571, 13.71429, 4.57143], "texture": "#2"},
				"west": {"uv": [0, 9.71429, 2.85714, 12], "texture": "#2"},
				"up": {"uv": [4.57143, 9.71429, 0, 6.85714], "texture": "#2"}
			}
		},
		{
			"from": [2.5, 1, 6],
			"to": [4, 4, 9],
			"rotation": {"angle": 0, "axis": "y", "origin": [4, -0.5, 5]},
			"faces": {
				"north": {"uv": [1.14286, 12, 2, 13.71429], "texture": "#2"},
				"south": {"uv": [2.28571, 12, 3.14286, 13.71429], "texture": "#2"},
				"west": {"uv": [7.42857, 10.28571, 9.14286, 12], "texture": "#2"},
				"up": {"uv": [4.28571, 13.71429, 3.42857, 12], "texture": "#2"},
				"down": {"uv": [5.42857, 12, 4.57143, 13.71429], "texture": "#2"}
			}
		},
		{
			"from": [12, 1, 6],
			"to": [13.5, 4, 9],
			"rotation": {"angle": 0, "axis": "y", "origin": [12, -0.5, 5]},
			"faces": {
				"north": {"uv": [2, 12, 1.14286, 13.71429], "texture": "#2"},
				"east": {"uv": [9.14286, 10.28571, 7.42857, 12], "texture": "#2"},
				"south": {"uv": [3.14286, 12, 2.28571, 13.71429], "texture": "#2"},
				"up": {"uv": [3.42857, 13.71429, 4.28571, 12], "texture": "#2"},
				"down": {"uv": [4.57143, 12, 5.42857, 13.71429], "texture": "#2"}
			}
		},
		{
			"from": [5, 1, 11],
			"to": [11, 4, 12.5],
			"rotation": {"angle": 0, "axis": "y", "origin": [4, 1, 11]},
			"faces": {
				"east": {"uv": [12, 4.57143, 12.85714, 6.28571], "texture": "#2"},
				"south": {"uv": [2.85714, 10.28571, 6.28571, 12], "texture": "#2"},
				"west": {"uv": [7.42857, 12, 8.28571, 13.71429], "texture": "#2"},
				"up": {"uv": [12.57143, 11.14286, 9.14286, 10.28571], "texture": "#2"},
				"down": {"uv": [14.85714, 6.85714, 11.42857, 7.71429], "texture": "#2"}
			}
		},
		{
			"from": [4, 0, 5],
			"to": [12, 6, 11],
			"rotation": {"angle": 0, "axis": "y", "origin": [4, 0, 5]},
			"faces": {
				"north": {"uv": [0, 0, 4.57143, 3.42857], "texture": "#2"},
				"east": {"uv": [4.57143, 6.85714, 8, 10.28571], "texture": "#2"},
				"south": {"uv": [0, 3.42857, 4.57143, 6.85714], "texture": "#2"},
				"west": {"uv": [8, 6.85714, 11.42857, 10.28571], "texture": "#2"},
				"up": {"uv": [9.14286, 3.42857, 4.57143, 0], "texture": "#2"},
				"down": {"uv": [9.14286, 3.42857, 4.57143, 6.85714], "texture": "#2"}
			}
		}
	],
	"gui_light": "front",
	"display": {
		"thirdperson_righthand": {
			"rotation": [55, 180, 0],
			"translation": [0, -1.5, -2.25]
		},
		"thirdperson_lefthand": {
			"rotation": [67.75, 0, 0],
			"translation": [-5.5, -7, 11]
		},
		"firstperson_righthand": {
			"rotation": [-15, 0, 0],
			"translation": [0, 6.25, 0]
		},
		"firstperson_lefthand": {
			"rotation": [-15, 0, 0],
			"translation": [0, 2, 0],
			"scale": [0, 0, 0]
		},
		"ground": {
			"rotation": [-45, 0, 0],
			"translation": [0, 4.5, 0],
			"scale": [0.6, 0.6, 0.6]
		},
		"gui": {
			"rotation": [25, -35, 0],
			"translation": [-0.5, 1.75, 0]
		},
		"head": {
			"translation": [0, -11.25, 8.5],
			"scale": [1.69141, 1.69141, 1.69141]
		},
		"fixed": {
			"rotation": [-90, 180, 0],
			"translation": [0, 0, -20.5],
			"scale": [2.5, 2.5, 2.5]
		}
	},
	"groups": [
		{
			"name": "backpack",
			"origin": [10.40067, 11.59437, 6],
			"color": 0,
			"boneType": "",
			"children": [0, 1, 2, 3, 4, 5, 6, 7, 8, 9, 10, 11, 12, 13, 14, 15, 16, 17, 18, 19, 20, 21, 22, 23, 24, 25, 26, 27, 28, 29, 30, 31, 32, 33, 34, 35]
		}
	]
}