{
	"credit": "Made by PolygonMC",
	"texture_size": [24, 24],
	"textures": {
		"1": "infernoset:animations/animations_2",
		"2": "infernoset:hammer",
		"particle": "infernoset:animations/animations_2"
	},
	"elements": [
		{
			"from": [7.4, 0.2, 8],
			"to": [8.6, 1.7, 9.5],
			"rotation": {"angle": -45, "axis": "x", "origin": [7.5, 0.2, 8]},
			"faces": {
				"north": {"uv": [11.33333, 8, 12.16667, 9], "texture": "#2"},
				"east": {"uv": [10, 10, 11, 11], "texture": "#2"},
				"south": {"uv": [8.66667, 11.33333, 9.5, 12.33333], "texture": "#2"},
				"west": {"uv": [0, 10.66667, 1, 11.66667], "texture": "#2"},
				"up": {"uv": [10.83333, 12.33333, 10, 11.33333], "texture": "#2"},
				"down": {"uv": [12.16667, 10, 11.33333, 11], "texture": "#2"}
			}
		},
		{
			"from": [7.15, 0.45, 8.25],
			"to": [8.85, 1.45, 9.25],
			"rotation": {"angle": -45, "axis": "x", "origin": [7.5, 0.2, 8]},
			"faces": {
				"north": {"uv": [11.33333, 11.33333, 12.5, 12], "texture": "#2"},
				"east": {"uv": [4, 3.33333, 4.66667, 4], "texture": "#2"},
				"south": {"uv": [0, 12, 1.16667, 12.66667], "texture": "#2"},
				"west": {"uv": [8, 2.66667, 8.66667, 3.33333], "texture": "#2"},
				"up": {"uv": [13.16667, 0.66667, 12, 0], "texture": "#2"},
				"down": {"uv": [13.16667, 0.66667, 12, 1.33333], "texture": "#2"}
			}
		},
		{
			"from": [7.75, 0.76066, 6.45723],
			"to": [8.25, 1.76066, 7.45723],
			"rotation": {"angle": 45, "axis": "x", "origin": [8, 1.26066, 6.95723]},
			"faces": {
				"north": {"uv": [14.66667, 9.33333, 15, 10], "texture": "#2"},
				"east": {"uv": [6.66667, 13.33333, 7.33333, 14], "texture": "#2"},
				"south": {"uv": [10, 14.66667, 10.33333, 15.33333], "texture": "#2"},
				"west": {"uv": [13.33333, 6.66667, 14, 7.33333], "texture": "#2"},
				"up": {"uv": [15, 10.66667, 14.66667, 10], "texture": "#2"},
				"down": {"uv": [15, 10.66667, 14.66667, 11.33333], "texture": "#2"}
			}
		},
		{
			"from": [7.75, -0.30711, 7.5],
			"to": [8.25, 0.69289, 8.5],
			"rotation": {"angle": 45, "axis": "x", "origin": [8, 0.19289, 8]},
			"faces": {
				"north": {"uv": [11.33333, 14.66667, 11.66667, 15.33333], "texture": "#2"},
				"east": {"uv": [7.33333, 13.33333, 8, 14], "texture": "#2"},
				"south": {"uv": [12, 14.66667, 12.33333, 15.33333], "texture": "#2"},
				"west": {"uv": [13.33333, 7.33333, 14, 8], "texture": "#2"},
				"up": {"uv": [15, 12.66667, 14.66667, 12], "texture": "#2"},
				"down": {"uv": [15, 12.66667, 14.66667, 13.33333], "texture": "#2"}
			}
		},
		{
			"from": [7.75, 0.76066, 8.54277],
			"to": [8.25, 1.76066, 9.54277],
			"rotation": {"angle": -45, "axis": "x", "origin": [8, 1.26066, 9.04277]},
			"faces": {
				"north": {"uv": [13.33333, 14.66667, 13.66667, 15.33333], "texture": "#2"},
				"east": {"uv": [8, 13.33333, 8.66667, 14], "texture": "#2"},
				"south": {"uv": [14, 14.66667, 14.33333, 15.33333], "texture": "#2"},
				"west": {"uv": [13.33333, 8, 14, 8.66667], "texture": "#2"},
				"up": {"uv": [15, 14.66667, 14.66667, 14], "texture": "#2"},
				"down": {"uv": [15, 14.66667, 14.66667, 15.33333], "texture": "#2"}
			}
		},
		{
			"from": [7.5, 1.82132, 7.5],
			"to": [8.5, 2.82132, 8.5],
			"rotation": {"angle": 0, "axis": "y", "origin": [7.5, 1.82132, 7.5]},
			"faces": {
				"north": {"uv": [13.33333, 8.66667, 14, 9.33333], "texture": "#2"},
				"east": {"uv": [9.33333, 13.33333, 10, 14], "texture": "#2"},
				"south": {"uv": [13.33333, 9.33333, 14, 10], "texture": "#2"},
				"west": {"uv": [10, 13.33333, 10.66667, 14], "texture": "#2"}
			}
		},
		{
			"from": [7.5, 7.02132, 7.5],
			"to": [8.5, 8.02132, 8.5],
			"rotation": {"angle": 0, "axis": "y", "origin": [7.5, 2.02132, 7.5]},
			"faces": {
				"north": {"uv": [13.33333, 10.66667, 14, 11.33333], "texture": "#2"},
				"east": {"uv": [11.33333, 13.33333, 12, 14], "texture": "#2"},
				"south": {"uv": [13.33333, 11.33333, 14, 12], "texture": "#2"},
				"west": {"uv": [12, 13.33333, 12.66667, 14], "texture": "#2"}
			}
		},
		{
			"from": [7.5, 17.22132, 7.5],
			"to": [8.5, 18.22132, 8.5],
			"rotation": {"angle": 0, "axis": "y", "origin": [7.5, 17.22132, 7.5]},
			"faces": {
				"north": {"uv": [12.66667, 13.33333, 13.33333, 14], "texture": "#2"},
				"east": {"uv": [13.33333, 13.33333, 14, 14], "texture": "#2"},
				"south": {"uv": [0, 14, 0.66667, 14.66667], "texture": "#2"},
				"west": {"uv": [14, 0, 14.66667, 0.66667], "texture": "#2"}
			}
		},
		{
			"from": [7.5, 12.02132, 7.5],
			"to": [8.5, 13.02132, 8.5],
			"rotation": {"angle": 0, "axis": "y", "origin": [7.5, 6.02132, 7.5]},
			"faces": {
				"north": {"uv": [0.66667, 14, 1.33333, 14.66667], "texture": "#2"},
				"east": {"uv": [14, 0.66667, 14.66667, 1.33333], "texture": "#2"},
				"south": {"uv": [1.33333, 14, 2, 14.66667], "texture": "#2"},
				"west": {"uv": [14, 1.33333, 14.66667, 2], "texture": "#2"}
			}
		},
		{
			"from": [7.6, 8.52132, 7.6],
			"to": [8.4, 11.52132, 8.4],
			"rotation": {"angle": 45, "axis": "y", "origin": [8, 9.52132, 8]},
			"faces": {
				"north": {"uv": [3.33333, 10, 3.83333, 12], "texture": "#2"},
				"east": {"uv": [1.33333, 10.66667, 1.83333, 12.66667], "texture": "#2"},
				"south": {"uv": [2, 10.66667, 2.5, 12.66667], "texture": "#2"},
				"west": {"uv": [2.66667, 10.66667, 3.16667, 12.66667], "texture": "#2"},
				"up": {"uv": [1.83333, 15.16667, 1.33333, 14.66667], "texture": "#2"},
				"down": {"uv": [3.16667, 14.66667, 2.66667, 15.16667], "texture": "#2"}
			}
		},
		{
			"from": [7.35, 8.02132, 7.35],
			"to": [8.65, 8.52132, 8.65],
			"rotation": {"angle": 0, "axis": "y", "origin": [7.5, 8.02132, 7.5]},
			"faces": {
				"north": {"uv": [0, 14.66667, 0.83333, 15], "texture": "#2"},
				"east": {"uv": [14.66667, 0, 15.5, 0.33333], "texture": "#2"},
				"south": {"uv": [14.66667, 0.66667, 15.5, 1], "texture": "#2"},
				"west": {"uv": [14.66667, 1.33333, 15.5, 1.66667], "texture": "#2"},
				"up": {"uv": [12.83333, 6.16667, 12, 5.33333], "texture": "#2"},
				"down": {"uv": [6.83333, 12, 6, 12.83333], "texture": "#2"}
			}
		},
		{
			"from": [7.35, 11.52132, 7.35],
			"to": [8.65, 12.02132, 8.65],
			"rotation": {"angle": 0, "axis": "y", "origin": [7.5, 11.52132, 7.5]},
			"faces": {
				"north": {"uv": [14.66667, 2, 15.5, 2.33333], "texture": "#2"},
				"east": {"uv": [14.66667, 2.66667, 15.5, 3], "texture": "#2"},
				"south": {"uv": [14.66667, 3.33333, 15.5, 3.66667], "texture": "#2"},
				"west": {"uv": [4, 14.66667, 4.83333, 15], "texture": "#2"},
				"up": {"uv": [12.83333, 7.5, 12, 6.66667], "texture": "#2"},
				"down": {"uv": [8.16667, 12, 7.33333, 12.83333], "texture": "#2"}
			}
		},
		{
			"from": [7.75, 18.15, 8],
			"to": [8.25, 20.15, 10],
			"rotation": {"angle": -45, "axis": "x", "origin": [7.75, 18.15, 8]},
			"faces": {
				"east": {"uv": [7.33333, 3.33333, 8.66667, 4.66667], "texture": "#2"},
				"south": {"uv": [2, 14, 2.33333, 15.33333], "texture": "#2"},
				"west": {"uv": [7.33333, 4.66667, 8.66667, 6], "texture": "#2"},
				"up": {"uv": [14.33333, 3.33333, 14, 2], "texture": "#2"}
			}
		},
		{
			"from": [7.5, 16.825, 5.225],
			"to": [8.5, 18.825, 6.725],
			"rotation": {"angle": -45, "axis": "x", "origin": [7.5, 18.825, 5.225]},
			"faces": {
				"north": {"uv": [1.33333, 6, 2, 7.33333], "texture": "#2"},
				"east": {"uv": [0, 9.33333, 1, 10.66667], "texture": "#2"},
				"south": {"uv": [5.33333, 11.33333, 6, 12.66667], "texture": "#2"},
				"west": {"uv": [9.33333, 0, 10.33333, 1.33333], "texture": "#2"},
				"up": {"uv": [4, 13, 3.33333, 12], "texture": "#2"},
				"down": {"uv": [3.33333, 12.66667, 2.66667, 13.66667], "texture": "#2"}
			}
		},
		{
			"from": [9.3675, 21.88297, 0.9184],
			"to": [10.6175, 21.91297, 4.4184],
			"rotation": {"angle": -45, "axis": "z", "origin": [8, 21.65547, 2.6684]},
			"faces": {
				"up": {"uv": [4.66667, 6.66667, 5.5, 9], "rotation": 180, "texture": "#2"},
				"down": {"uv": [6, 6.66667, 6.83333, 9], "texture": "#2"}
			}
		},
		{
			"from": [9.9925, 21.28797, 0.9184],
			"to": [10.0225, 22.53797, 4.4184],
			"rotation": {"angle": -45, "axis": "z", "origin": [8, 21.65547, 2.6684]},
			"faces": {
				"east": {"uv": [1.33333, 7.33333, 2.16667, 9.66667], "rotation": 270, "texture": "#2"},
				"west": {"uv": [2.66667, 7.33333, 3.5, 9.66667], "rotation": 90, "texture": "#2"}
			}
		},
		{
			"from": [5.3825, 21.88297, 0.9184],
			"to": [6.6325, 21.91297, 4.4184],
			"rotation": {"angle": 45, "axis": "z", "origin": [8, 21.65547, 2.6684]},
			"faces": {
				"up": {"uv": [5.5, 6.66667, 4.66667, 9], "rotation": 180, "texture": "#2"},
				"down": {"uv": [6.83333, 6.66667, 6, 9], "texture": "#2"}
			}
		},
		{
			"from": [5.9775, 21.28797, 0.9184],
			"to": [6.0075, 22.53797, 4.4184],
			"rotation": {"angle": 45, "axis": "z", "origin": [8, 21.65547, 2.6684]},
			"faces": {
				"east": {"uv": [2.66667, 9.66667, 3.5, 7.33333], "rotation": 90, "texture": "#2"},
				"west": {"uv": [1.33333, 9.66667, 2.16667, 7.33333], "rotation": 270, "texture": "#2"}
			}
		},
		{
			"from": [9.3675, 15.83703, 0.9184],
			"to": [10.6175, 15.86703, 4.4184],
			"rotation": {"angle": 45, "axis": "z", "origin": [8, 16.09453, 2.6684]},
			"faces": {
				"up": {"uv": [6, 9, 6.83333, 6.66667], "texture": "#2"},
				"down": {"uv": [4.66667, 9, 5.5, 6.66667], "rotation": 180, "texture": "#2"}
			}
		},
		{
			"from": [9.9925, 15.21203, 0.9184],
			"to": [10.0225, 16.46203, 4.4184],
			"rotation": {"angle": 45, "axis": "z", "origin": [8, 16.09453, 2.6684]},
			"faces": {
				"east": {"uv": [2.16667, 7.33333, 1.33333, 9.66667], "rotation": 270, "texture": "#2"},
				"west": {"uv": [3.5, 7.33333, 2.66667, 9.66667], "rotation": 90, "texture": "#2"}
			}
		},
		{
			"from": [5.9775, 15.21203, 0.9184],
			"to": [6.0075, 16.46203, 4.4184],
			"rotation": {"angle": -45, "axis": "z", "origin": [8, 16.09453, 2.6684]},
			"faces": {
				"east": {"uv": [3.5, 9.66667, 2.66667, 7.33333], "rotation": 90, "texture": "#2"},
				"west": {"uv": [2.16667, 9.66667, 1.33333, 7.33333], "rotation": 270, "texture": "#2"}
			}
		},
		{
			"from": [5.3825, 15.83703, 0.9184],
			"to": [6.6325, 15.86703, 4.4184],
			"rotation": {"angle": -45, "axis": "z", "origin": [8, 16.09453, 2.6684]},
			"faces": {
				"up": {"uv": [6.83333, 9, 6, 6.66667], "texture": "#2"},
				"down": {"uv": [5.5, 9, 4.66667, 6.66667], "rotation": 180, "texture": "#2"}
			}
		},
		{
			"from": [7.4, 17.81066, 7],
			"to": [8.6, 19.81066, 9],
			"rotation": {"angle": -45, "axis": "x", "origin": [8, 18.81066, 8]},
			"faces": {
				"north": {"uv": [10, 6.66667, 10.83333, 8], "texture": "#2"},
				"east": {"uv": [7.33333, 6, 8.66667, 7.33333], "texture": "#2"},
				"south": {"uv": [7.33333, 10, 8.16667, 11.33333], "texture": "#2"},
				"west": {"uv": [7.33333, 7.33333, 8.66667, 8.66667], "texture": "#2"},
				"up": {"uv": [10.83333, 9.33333, 10, 8], "texture": "#2"},
				"down": {"uv": [9.5, 10, 8.66667, 11.33333], "texture": "#2"}
			}
		},
		{
			"from": [7.4, 2.82132, 7.4],
			"to": [8.6, 7.02132, 8.6],
			"rotation": {"angle": 0, "axis": "y", "origin": [7.5, 7.82132, 7.5]},
			"faces": {
				"north": {"uv": [4, 0, 4.83333, 2.83333], "texture": "#2"},
				"east": {"uv": [2, 4, 2.83333, 6.83333], "texture": "#2"},
				"south": {"uv": [3.33333, 4, 4.16667, 6.83333], "texture": "#2"},
				"west": {"uv": [4.66667, 3.33333, 5.5, 6.16667], "texture": "#2"},
				"up": {"uv": [12.16667, 12.83333, 11.33333, 12], "texture": "#2"},
				"down": {"uv": [0.83333, 12.66667, 0, 13.5], "texture": "#2"}
			}
		},
		{
			"from": [7.4, 13.02132, 7.4],
			"to": [8.6, 17.22132, 8.6],
			"rotation": {"angle": 0, "axis": "y", "origin": [7.5, 18.02132, 7.5]},
			"faces": {
				"north": {"uv": [5.33333, 0, 6.16667, 2.83333], "texture": "#2"},
				"east": {"uv": [0, 6, 0.83333, 8.83333], "texture": "#2"},
				"south": {"uv": [6, 3.33333, 6.83333, 6.16667], "texture": "#2"},
				"west": {"uv": [6.66667, 0, 7.5, 2.83333], "texture": "#2"},
				"up": {"uv": [2.16667, 13.5, 1.33333, 12.66667], "texture": "#2"},
				"down": {"uv": [13.5, 1.33333, 12.66667, 2.16667], "texture": "#2"}
			}
		},
		{
			"from": [7.565, 19.86049, 5.60858],
			"to": [8.435, 20.73049, 6.47858],
			"rotation": {"angle": 45, "axis": "x", "origin": [8, 20.54095, 5.36232]},
			"faces": {
				"north": {"uv": [14.66667, 4, 15.16667, 4.5], "texture": "#2"},
				"east": {"uv": [5.33333, 14.66667, 5.83333, 15.16667], "texture": "#2"},
				"west": {"uv": [14.66667, 7.33333, 15.16667, 7.83333], "texture": "#2"},
				"up": {"uv": [8.5, 15.16667, 8, 14.66667], "texture": "#2"},
				"down": {"uv": [15.16667, 8, 14.66667, 8.5], "texture": "#2"}
			}
		},
		{
			"from": [7.6433, 20.04758, 4.8627],
			"to": [8.3567, 21.01098, 5.5761],
			"rotation": {"angle": -22.5, "axis": "x", "origin": [8, 20.54095, 5.36232]},
			"faces": {
				"north": {"uv": [8, 14, 8.5, 14.66667], "texture": "#2"},
				"east": {"uv": [8.66667, 14, 9.16667, 14.66667], "texture": "#2"},
				"south": {"uv": [14, 8.66667, 14.5, 9.33333], "texture": "#2"},
				"west": {"uv": [9.33333, 14, 9.83333, 14.66667], "texture": "#2"},
				"up": {"uv": [9.16667, 15.16667, 8.66667, 14.66667], "texture": "#2"}
			}
		},
		{
			"from": [7.71778, 20.78903, 4.77194],
			"to": [8.28222, 21.60347, 5.33639],
			"rotation": {"angle": 0, "axis": "y", "origin": [8, 20.54095, 5.36232]},
			"faces": {
				"north": {"uv": [2.66667, 15.33333, 3, 15.83333], "texture": "#2"},
				"east": {"uv": [3.33333, 15.33333, 3.66667, 15.83333], "texture": "#2"},
				"south": {"uv": [4, 15.33333, 4.33333, 15.83333], "texture": "#2"},
				"west": {"uv": [15.33333, 4, 15.66667, 4.5], "texture": "#2"},
				"up": {"uv": [15.66667, 7.66667, 15.33333, 7.33333], "texture": "#2"}
			}
		},
		{
			"from": [7.15, 17.65, 8.25],
			"to": [8.85, 19.15, 9.75],
			"rotation": {"angle": -45, "axis": "x", "origin": [7.5, 17.4, 8]},
			"faces": {
				"north": {"uv": [6, 9.33333, 7.16667, 10.33333], "texture": "#2"},
				"east": {"uv": [10.66667, 0, 11.66667, 1], "texture": "#2"},
				"south": {"uv": [10, 2.66667, 11.16667, 3.66667], "texture": "#2"},
				"west": {"uv": [6, 10.66667, 7, 11.66667], "texture": "#2"},
				"up": {"uv": [11.16667, 5, 10, 4], "texture": "#2"},
				"down": {"uv": [11.16667, 5.33333, 10, 6.33333], "texture": "#2"}
			}
		},
		{
			"from": [6.25, 16.36548, 7.25],
			"to": [7.25, 17.86548, 8.75],
			"rotation": {"angle": -22.5, "axis": "z", "origin": [6.5, 18.11548, 8]},
			"faces": {
				"north": {"uv": [12.66667, 2.66667, 13.33333, 3.66667], "texture": "#2"},
				"east": {"uv": [11.33333, 1.33333, 12.33333, 2.33333], "texture": "#2"},
				"south": {"uv": [4, 12.66667, 4.66667, 13.66667], "texture": "#2"},
				"west": {"uv": [11.33333, 2.66667, 12.33333, 3.66667], "texture": "#2"},
				"down": {"uv": [13.33333, 4, 12.66667, 5], "texture": "#2"}
			}
		},
		{
			"from": [5.25, 17.86548, 7],
			"to": [7.25, 19.86548, 9],
			"rotation": {"angle": -22.5, "axis": "z", "origin": [6.5, 18.11548, 8]},
			"faces": {
				"north": {"uv": [8, 0, 9.33333, 1.33333], "texture": "#2"},
				"east": {"uv": [8, 1.33333, 9.33333, 2.66667], "texture": "#2"},
				"south": {"uv": [8.66667, 2.66667, 10, 4], "texture": "#2"},
				"west": {"uv": [8.66667, 4, 10, 5.33333], "texture": "#2"},
				"up": {"uv": [10, 6.66667, 8.66667, 5.33333], "texture": "#2"},
				"down": {"uv": [10, 6.66667, 8.66667, 8], "texture": "#2"}
			}
		},
		{
			"from": [6.02841, 19.40933, 5.99718],
			"to": [7.02841, 20.40933, 7.49718],
			"rotation": {"angle": -22.5, "axis": "z", "origin": [6.0658, 19.91003, 6.07198]},
			"faces": {
				"north": {"uv": [2.66667, 14, 3.33333, 14.66667], "texture": "#2"},
				"east": {"uv": [12, 9.33333, 13, 10], "texture": "#2"},
				"south": {"uv": [14, 3.33333, 14.66667, 4], "texture": "#2"},
				"west": {"uv": [4.66667, 12.66667, 5.66667, 13.33333], "texture": "#2"},
				"up": {"uv": [13.33333, 9, 12.66667, 8], "texture": "#2"},
				"down": {"uv": [9.33333, 12.66667, 8.66667, 13.66667], "texture": "#2"}
			}
		},
		{
			"from": [6.03609, 19.51933, 5.10818],
			"to": [6.81609, 20.29933, 6.27818],
			"rotation": {"angle": -22.5, "axis": "z", "origin": [6.0658, 19.91003, 6.07198]},
			"faces": {
				"north": {"uv": [14.66667, 8.66667, 15.16667, 9.16667], "texture": "#2"},
				"east": {"uv": [4.66667, 14, 5.5, 14.5], "texture": "#2"},
				"west": {"uv": [14, 4.66667, 14.83333, 5.16667], "texture": "#2"},
				"up": {"uv": [6.5, 14.83333, 6, 14], "texture": "#2"},
				"down": {"uv": [7.16667, 14, 6.66667, 14.83333], "texture": "#2"}
			}
		},
		{
			"from": [5.17029, 19.62213, 5.10818],
			"to": [6.03609, 20.19933, 5.68538],
			"rotation": {"angle": -22.5, "axis": "z", "origin": [6.0658, 19.91003, 6.07198]},
			"faces": {
				"north": {"uv": [4.66667, 15.33333, 5.16667, 15.66667], "texture": "#2"},
				"south": {"uv": [15.33333, 4.66667, 15.83333, 5], "texture": "#2"},
				"west": {"uv": [8, 15.33333, 8.33333, 15.66667], "texture": "#2"},
				"up": {"uv": [5.83333, 15.66667, 5.33333, 15.33333], "texture": "#2"},
				"down": {"uv": [15.83333, 5.33333, 15.33333, 5.66667], "texture": "#2"}
			}
		},
		{
			"from": [6.20769, 19.31204, 8.50282],
			"to": [7.20769, 20.31204, 10.00282],
			"rotation": {"angle": -22.5, "axis": "z", "origin": [6.4, 20.31204, 10.09986]},
			"faces": {
				"north": {"uv": [4, 14, 4.66667, 14.66667], "texture": "#2"},
				"east": {"uv": [9.33333, 12.66667, 10.33333, 13.33333], "texture": "#2"},
				"south": {"uv": [14, 4, 14.66667, 4.66667], "texture": "#2"},
				"west": {"uv": [12.66667, 10, 13.66667, 10.66667], "texture": "#2"},
				"up": {"uv": [11.33333, 13.66667, 10.66667, 12.66667], "texture": "#2"},
				"down": {"uv": [13.33333, 10.66667, 12.66667, 11.66667], "texture": "#2"}
			}
		},
		{
			"from": [6.21537, 19.42204, 9.72182],
			"to": [6.99537, 20.20204, 10.89182],
			"rotation": {"angle": -22.5, "axis": "z", "origin": [6.4, 20.31204, 10.09986]},
			"faces": {
				"east": {"uv": [14, 5.33333, 14.83333, 5.83333], "texture": "#2"},
				"south": {"uv": [9.33333, 14.66667, 9.83333, 15.16667], "texture": "#2"},
				"west": {"uv": [14, 6.66667, 14.83333, 7.16667], "texture": "#2"},
				"up": {"uv": [7.83333, 14.83333, 7.33333, 14], "texture": "#2"},
				"down": {"uv": [14.5, 7.33333, 14, 8.16667], "texture": "#2"}
			}
		},
		{
			"from": [5.36919, 19.42068, 10.31462],
			"to": [6.23499, 19.99788, 10.89182],
			"rotation": {"angle": -22.5, "axis": "z", "origin": [6.67164, 20.30928, 10.09381]},
			"faces": {
				"north": {"uv": [6, 15.33333, 6.5, 15.66667], "texture": "#2"},
				"south": {"uv": [15.33333, 6, 15.83333, 6.33333], "texture": "#2"},
				"west": {"uv": [15.33333, 8, 15.66667, 8.33333], "texture": "#2"},
				"up": {"uv": [7.16667, 15.66667, 6.66667, 15.33333], "texture": "#2"},
				"down": {"uv": [15.83333, 6.66667, 15.33333, 7], "texture": "#2"}
			}
		},
		{
			"from": [5.5724, 16.07983, 7.5],
			"to": [5.6024, 16.57983, 8.5],
			"rotation": {"angle": -22.5, "axis": "z", "origin": [5.5474, 16.14233, 7.75]},
			"faces": {
				"east": {"uv": [0, 15.33333, 0.66667, 15.66667], "texture": "#2"},
				"west": {"uv": [0.66667, 15.33333, 1.33333, 15.66667], "texture": "#2"}
			}
		},
		{
			"from": [9.53033, 19.5052, 4],
			"to": [10.03033, 20.5052, 4.75],
			"rotation": {"angle": -45, "axis": "z", "origin": [10.03033, 20.5052, 4.525]},
			"faces": {
				"north": {"uv": [1.33333, 16, 1.66667, 15.33333], "texture": "#2"},
				"east": {"uv": [14, 9.83333, 14.66667, 9.33333], "rotation": 270, "texture": "#2"},
				"south": {"uv": [2, 15.33333, 2.33333, 16], "rotation": 180, "texture": "#2"},
				"west": {"uv": [10, 14.5, 10.66667, 14], "rotation": 90, "texture": "#2"},
				"up": {"uv": [7.33333, 15.83333, 7.66667, 15.33333], "rotation": 180, "texture": "#2"}
			}
		},
		{
			"from": [5.96967, 19.5052, 4],
			"to": [6.46967, 20.5052, 4.75],
			"rotation": {"angle": 45, "axis": "z", "origin": [5.96967, 20.5052, 4.525]},
			"faces": {
				"north": {"uv": [1.66667, 16, 1.33333, 15.33333], "texture": "#2"},
				"east": {"uv": [10, 14, 10.66667, 14.5], "rotation": 90, "texture": "#2"},
				"south": {"uv": [2.33333, 15.33333, 2, 16], "rotation": 180, "texture": "#2"},
				"west": {"uv": [14, 9.33333, 14.66667, 9.83333], "rotation": 270, "texture": "#2"},
				"up": {"uv": [7.66667, 15.83333, 7.33333, 15.33333], "rotation": 180, "texture": "#2"}
			}
		},
		{
			"from": [5.96967, 17.1448, 4],
			"to": [6.46967, 18.1448, 4.75],
			"rotation": {"angle": -45, "axis": "z", "origin": [5.96967, 17.1448, 4.525]},
			"faces": {
				"north": {"uv": [1.66667, 15.33333, 1.33333, 16], "texture": "#2"},
				"east": {"uv": [10.66667, 14, 10, 14.5], "rotation": 90, "texture": "#2"},
				"south": {"uv": [2.33333, 16, 2, 15.33333], "rotation": 180, "texture": "#2"},
				"west": {"uv": [14.66667, 9.33333, 14, 9.83333], "rotation": 270, "texture": "#2"},
				"down": {"uv": [7.66667, 15.33333, 7.33333, 15.83333], "rotation": 180, "texture": "#2"}
			}
		},
		{
			"from": [9.53033, 17.1448, 4],
			"to": [10.03033, 18.1448, 4.75],
			"rotation": {"angle": 45, "axis": "z", "origin": [10.03033, 17.1448, 4.525]},
			"faces": {
				"north": {"uv": [1.33333, 15.33333, 1.66667, 16], "texture": "#2"},
				"east": {"uv": [14.66667, 9.83333, 14, 9.33333], "rotation": 270, "texture": "#2"},
				"south": {"uv": [2, 16, 2.33333, 15.33333], "rotation": 180, "texture": "#2"},
				"west": {"uv": [10.66667, 14.5, 10, 14], "rotation": 90, "texture": "#2"},
				"down": {"uv": [7.33333, 15.33333, 7.66667, 15.83333], "rotation": 180, "texture": "#2"}
			}
		},
		{
			"from": [5.96967, 17.1448, 0.55],
			"to": [6.46967, 18.1448, 1.3],
			"rotation": {"angle": -45, "axis": "z", "origin": [5.96967, 17.1448, 0.775]},
			"faces": {
				"north": {"uv": [2, 16, 2.33333, 15.33333], "rotation": 180, "texture": "#2"},
				"east": {"uv": [10.66667, 14.5, 10, 14], "rotation": 90, "texture": "#2"},
				"south": {"uv": [1.33333, 15.33333, 1.66667, 16], "texture": "#2"},
				"west": {"uv": [14.66667, 9.83333, 14, 9.33333], "rotation": 270, "texture": "#2"},
				"down": {"uv": [7.66667, 15.83333, 7.33333, 15.33333], "rotation": 180, "texture": "#2"}
			}
		},
		{
			"from": [9.53033, 17.1448, 0.55],
			"to": [10.03033, 18.1448, 1.3],
			"rotation": {"angle": 45, "axis": "z", "origin": [10.03033, 17.1448, 0.775]},
			"faces": {
				"north": {"uv": [2.33333, 16, 2, 15.33333], "rotation": 180, "texture": "#2"},
				"east": {"uv": [14.66667, 9.33333, 14, 9.83333], "rotation": 270, "texture": "#2"},
				"south": {"uv": [1.66667, 15.33333, 1.33333, 16], "texture": "#2"},
				"west": {"uv": [10.66667, 14, 10, 14.5], "rotation": 90, "texture": "#2"},
				"down": {"uv": [7.33333, 15.83333, 7.66667, 15.33333], "rotation": 180, "texture": "#2"}
			}
		},
		{
			"from": [9.53033, 19.5052, 0.55],
			"to": [10.03033, 20.5052, 1.3],
			"rotation": {"angle": -45, "axis": "z", "origin": [10.03033, 20.5052, 0.775]},
			"faces": {
				"north": {"uv": [2.33333, 15.33333, 2, 16], "rotation": 180, "texture": "#2"},
				"east": {"uv": [14, 9.33333, 14.66667, 9.83333], "rotation": 270, "texture": "#2"},
				"south": {"uv": [1.66667, 16, 1.33333, 15.33333], "texture": "#2"},
				"west": {"uv": [10, 14, 10.66667, 14.5], "rotation": 90, "texture": "#2"},
				"up": {"uv": [7.33333, 15.33333, 7.66667, 15.83333], "rotation": 180, "texture": "#2"}
			}
		},
		{
			"from": [5.96967, 19.5052, 0.55],
			"to": [6.46967, 20.5052, 1.3],
			"rotation": {"angle": 45, "axis": "z", "origin": [5.96967, 20.5052, 0.775]},
			"faces": {
				"north": {"uv": [2, 15.33333, 2.33333, 16], "rotation": 180, "texture": "#2"},
				"east": {"uv": [10, 14.5, 10.66667, 14], "rotation": 90, "texture": "#2"},
				"south": {"uv": [1.33333, 16, 1.66667, 15.33333], "texture": "#2"},
				"west": {"uv": [14, 9.83333, 14.66667, 9.33333], "rotation": 270, "texture": "#2"},
				"up": {"uv": [7.66667, 15.33333, 7.33333, 15.83333], "rotation": 180, "texture": "#2"}
			}
		},
		{
			"from": [5.49933, 16.59437, 6],
			"to": [5.52933, 18.59437, 10],
			"rotation": {"angle": -22.5, "axis": "z", "origin": [5.59933, 16.59437, 6]},
			"faces": {
				"east": {"uv": [16, 0, 0, 8], "texture": "#1"},
				"west": {"uv": [0, 0, 16, 8], "texture": "#1"}
			}
		},
		{
			"from": [9.96391, 19.62213, 5.10818],
			"to": [10.82971, 20.19933, 5.68538],
			"rotation": {"angle": 22.5, "axis": "z", "origin": [9.9342, 19.91003, 6.07198]},
			"faces": {
				"north": {"uv": [5.16667, 15.33333, 4.66667, 15.66667], "texture": "#2"},
				"east": {"uv": [8.33333, 15.33333, 8, 15.66667], "texture": "#2"},
				"south": {"uv": [15.83333, 4.66667, 15.33333, 5], "texture": "#2"},
				"up": {"uv": [5.33333, 15.66667, 5.83333, 15.33333], "texture": "#2"},
				"down": {"uv": [15.33333, 5.33333, 15.83333, 5.66667], "texture": "#2"}
			}
		},
		{
			"from": [8.97159, 19.40933, 5.99718],
			"to": [9.97159, 20.40933, 7.49718],
			"rotation": {"angle": 22.5, "axis": "z", "origin": [9.9342, 19.91003, 6.07198]},
			"faces": {
				"north": {"uv": [3.33333, 14, 2.66667, 14.66667], "texture": "#2"},
				"east": {"uv": [5.66667, 12.66667, 4.66667, 13.33333], "texture": "#2"},
				"south": {"uv": [14.66667, 3.33333, 14, 4], "texture": "#2"},
				"west": {"uv": [13, 9.33333, 12, 10], "texture": "#2"},
				"up": {"uv": [12.66667, 9, 13.33333, 8], "texture": "#2"},
				"down": {"uv": [8.66667, 12.66667, 9.33333, 13.66667], "texture": "#2"}
			}
		},
		{
			"from": [9.18391, 19.51933, 5.10818],
			"to": [9.96391, 20.29933, 6.27818],
			"rotation": {"angle": 22.5, "axis": "z", "origin": [9.9342, 19.91003, 6.07198]},
			"faces": {
				"north": {"uv": [15.16667, 8.66667, 14.66667, 9.16667], "texture": "#2"},
				"east": {"uv": [14.83333, 4.66667, 14, 5.16667], "texture": "#2"},
				"west": {"uv": [5.5, 14, 4.66667, 14.5], "texture": "#2"},
				"up": {"uv": [6, 14.83333, 6.5, 14], "texture": "#2"},
				"down": {"uv": [6.66667, 14, 7.16667, 14.83333], "texture": "#2"}
			}
		},
		{
			"from": [8.75, 17.86548, 7],
			"to": [10.75, 19.86548, 9],
			"rotation": {"angle": 22.5, "axis": "z", "origin": [9.5, 18.11548, 8]},
			"faces": {
				"north": {"uv": [9.33333, 0, 8, 1.33333], "texture": "#2"},
				"east": {"uv": [10, 4, 8.66667, 5.33333], "texture": "#2"},
				"south": {"uv": [10, 2.66667, 8.66667, 4], "texture": "#2"},
				"west": {"uv": [9.33333, 1.33333, 8, 2.66667], "texture": "#2"},
				"up": {"uv": [8.66667, 6.66667, 10, 5.33333], "texture": "#2"},
				"down": {"uv": [8.66667, 6.66667, 10, 8], "texture": "#2"}
			}
		},
		{
			"from": [8.79231, 19.31204, 8.50282],
			"to": [9.79231, 20.31204, 10.00282],
			"rotation": {"angle": 22.5, "axis": "z", "origin": [9.6, 20.31204, 10.09986]},
			"faces": {
				"north": {"uv": [4.66667, 14, 4, 14.66667], "texture": "#2"},
				"east": {"uv": [13.66667, 10, 12.66667, 10.66667], "texture": "#2"},
				"south": {"uv": [14.66667, 4, 14, 4.66667], "texture": "#2"},
				"west": {"uv": [10.33333, 12.66667, 9.33333, 13.33333], "texture": "#2"},
				"up": {"uv": [10.66667, 13.66667, 11.33333, 12.66667], "texture": "#2"},
				"down": {"uv": [12.66667, 10.66667, 13.33333, 11.66667], "texture": "#2"}
			}
		},
		{
			"from": [9.76501, 19.42068, 10.31462],
			"to": [10.63081, 19.99788, 10.89182],
			"rotation": {"angle": 22.5, "axis": "z", "origin": [9.32836, 20.30928, 10.09381]},
			"faces": {
				"north": {"uv": [6.5, 15.33333, 6, 15.66667], "texture": "#2"},
				"east": {"uv": [15.66667, 8, 15.33333, 8.33333], "texture": "#2"},
				"south": {"uv": [15.83333, 6, 15.33333, 6.33333], "texture": "#2"},
				"up": {"uv": [6.66667, 15.66667, 7.16667, 15.33333], "texture": "#2"},
				"down": {"uv": [15.33333, 6.66667, 15.83333, 7], "texture": "#2"}
			}
		},
		{
			"from": [9.00463, 19.42204, 9.72182],
			"to": [9.78463, 20.20204, 10.89182],
			"rotation": {"angle": 22.5, "axis": "z", "origin": [9.6, 20.31204, 10.09986]},
			"faces": {
				"east": {"uv": [14.83333, 6.66667, 14, 7.16667], "texture": "#2"},
				"south": {"uv": [9.83333, 14.66667, 9.33333, 15.16667], "texture": "#2"},
				"west": {"uv": [14.83333, 5.33333, 14, 5.83333], "texture": "#2"},
				"up": {"uv": [7.33333, 14.83333, 7.83333, 14], "texture": "#2"},
				"down": {"uv": [14, 7.33333, 14.5, 8.16667], "texture": "#2"}
			}
		},
		{
			"from": [8.75, 16.36548, 7.25],
			"to": [9.75, 17.86548, 8.75],
			"rotation": {"angle": 22.5, "axis": "z", "origin": [9.5, 18.11548, 8]},
			"faces": {
				"north": {"uv": [13.33333, 2.66667, 12.66667, 3.66667], "texture": "#2"},
				"east": {"uv": [12.33333, 2.66667, 11.33333, 3.66667], "texture": "#2"},
				"south": {"uv": [4.66667, 12.66667, 4, 13.66667], "texture": "#2"},
				"west": {"uv": [12.33333, 1.33333, 11.33333, 2.33333], "texture": "#2"},
				"down": {"uv": [12.66667, 4, 13.33333, 5], "texture": "#2"}
			}
		},
		{
			"from": [10.47067, 16.59437, 6],
			"to": [10.50067, 18.59437, 10],
			"rotation": {"angle": 22.5, "axis": "z", "origin": [10.40067, 16.59437, 6]},
			"faces": {
				"east": {"uv": [16, 0, 0, 8], "texture": "#1"},
				"west": {"uv": [0, 0, 16, 8], "texture": "#1"}
			}
		},
		{
			"from": [9, 17, 4.9],
			"to": [11, 19, 5.9],
			"rotation": {"angle": 45, "axis": "z", "origin": [8, 16, 3.9]},
			"faces": {
				"north": {"uv": [7.33333, 8.66667, 8.66667, 10], "texture": "#2"},
				"east": {"uv": [11.33333, 5.33333, 12, 6.66667], "texture": "#2"},
				"south": {"uv": [8.66667, 8, 10, 9.33333], "texture": "#2"},
				"west": {"uv": [11.33333, 6.66667, 12, 8], "texture": "#2"},
				"up": {"uv": [12, 10, 10.66667, 9.33333], "texture": "#2"},
				"down": {"uv": [8.66667, 11.33333, 7.33333, 12], "texture": "#2"}
			}
		},
		{
			"from": [6.5, 17.32843, 3.9],
			"to": [9.5, 20.32843, 4.9],
			"rotation": {"angle": 0, "axis": "z", "origin": [8, 18.82843, 3.9]},
			"faces": {
				"north": {"uv": [0, 0, 2, 2], "texture": "#2"},
				"east": {"uv": [4, 7.33333, 4.66667, 9.33333], "texture": "#2"},
				"south": {"uv": [0, 2, 2, 4], "texture": "#2"},
				"west": {"uv": [4, 9.33333, 4.66667, 11.33333], "texture": "#2"},
				"up": {"uv": [11.33333, 2, 9.33333, 1.33333], "texture": "#2"},
				"down": {"uv": [11.33333, 2, 9.33333, 2.66667], "texture": "#2"}
			}
		},
		{
			"from": [7.25, 18.07843, 3.4],
			"to": [8.75, 19.57843, 3.9],
			"rotation": {"angle": 0, "axis": "z", "origin": [8, 18.82843, 2.9]},
			"faces": {
				"north": {"uv": [4, 11.33333, 5, 12.33333], "texture": "#2"},
				"east": {"uv": [14, 10, 14.33333, 11], "texture": "#2"},
				"west": {"uv": [10.66667, 14, 11, 15], "texture": "#2"},
				"up": {"uv": [12.33333, 14.33333, 11.33333, 14], "texture": "#2"},
				"down": {"uv": [15, 11.33333, 14, 11.66667], "texture": "#2"}
			}
		},
		{
			"from": [7.5, 18.32843, 1.9],
			"to": [8.5, 19.32843, 3.4],
			"rotation": {"angle": -45, "axis": "z", "origin": [8, 18.82843, 2.65]},
			"faces": {
				"east": {"uv": [12.66667, 12, 13.66667, 12.66667], "texture": "#2"},
				"west": {"uv": [12.66667, 12.66667, 13.66667, 13.33333], "texture": "#2"},
				"up": {"uv": [14, 1, 13.33333, 0], "texture": "#2"},
				"down": {"uv": [14, 2.66667, 13.33333, 3.66667], "texture": "#2"}
			}
		},
		{
			"from": [7.25, 18.07843, 1.425],
			"to": [8.75, 19.57843, 1.925],
			"rotation": {"angle": 0, "axis": "z", "origin": [8, 18.82843, 0.925]},
			"faces": {
				"east": {"uv": [14, 12, 14.33333, 13], "texture": "#2"},
				"south": {"uv": [11.33333, 4, 12.33333, 5], "texture": "#2"},
				"west": {"uv": [12.66667, 14, 13, 15], "texture": "#2"},
				"up": {"uv": [14.33333, 14.33333, 13.33333, 14], "texture": "#2"},
				"down": {"uv": [15, 13.33333, 14, 13.66667], "texture": "#2"}
			}
		},
		{
			"from": [6.5, 17.32843, 0.425],
			"to": [9.5, 20.32843, 1.425],
			"rotation": {"angle": 0, "axis": "z", "origin": [8, 18.82843, 0.425]},
			"faces": {
				"north": {"uv": [2, 0, 4, 2], "texture": "#2"},
				"east": {"uv": [4.66667, 9.33333, 5.33333, 11.33333], "texture": "#2"},
				"south": {"uv": [2, 2, 4, 4], "texture": "#2"},
				"west": {"uv": [5.33333, 9.33333, 6, 11.33333], "texture": "#2"},
				"up": {"uv": [10.66667, 10, 8.66667, 9.33333], "texture": "#2"},
				"down": {"uv": [3.33333, 10, 1.33333, 10.66667], "texture": "#2"}
			}
		},
		{
			"from": [6.75, 17.57843, -0.075],
			"to": [9.25, 20.07843, 0.425],
			"rotation": {"angle": 0, "axis": "z", "origin": [8, 18.82843, -0.575]},
			"faces": {
				"north": {"uv": [0, 4, 1.66667, 5.66667], "texture": "#2"},
				"east": {"uv": [3.33333, 13.33333, 3.66667, 15], "texture": "#2"},
				"west": {"uv": [13.33333, 4, 13.66667, 5.66667], "texture": "#2"},
				"up": {"uv": [6.33333, 13.66667, 4.66667, 13.33333], "texture": "#2"},
				"down": {"uv": [15, 6, 13.33333, 6.33333], "texture": "#2"}
			}
		},
		{
			"from": [7.5, 16.825, 9.275],
			"to": [8.5, 18.825, 10.775],
			"rotation": {"angle": 45, "axis": "x", "origin": [7.5, 18.825, 10.775]},
			"faces": {
				"north": {"uv": [6, 11.33333, 5.33333, 12.66667], "texture": "#2"},
				"east": {"uv": [1, 9.33333, 0, 10.66667], "texture": "#2"},
				"south": {"uv": [2, 6, 1.33333, 7.33333], "texture": "#2"},
				"west": {"uv": [10.33333, 0, 9.33333, 1.33333], "texture": "#2"},
				"up": {"uv": [4, 12, 3.33333, 13], "texture": "#2"},
				"down": {"uv": [3.33333, 13.66667, 2.66667, 12.66667], "texture": "#2"}
			}
		},
		{
			"from": [9.3675, 21.88297, 11.5816],
			"to": [10.6175, 21.91297, 15.0816],
			"rotation": {"angle": -45, "axis": "z", "origin": [8, 21.65547, 13.3316]},
			"faces": {
				"up": {"uv": [4.66667, 9, 5.5, 6.66667], "rotation": 180, "texture": "#2"},
				"down": {"uv": [6, 9, 6.83333, 6.66667], "texture": "#2"}
			}
		},
		{
			"from": [9.9925, 21.28797, 11.5816],
			"to": [10.0225, 22.53797, 15.0816],
			"rotation": {"angle": -45, "axis": "z", "origin": [8, 21.65547, 13.3316]},
			"faces": {
				"east": {"uv": [1.33333, 9.66667, 2.16667, 7.33333], "rotation": 270, "texture": "#2"},
				"west": {"uv": [2.66667, 9.66667, 3.5, 7.33333], "rotation": 90, "texture": "#2"}
			}
		},
		{
			"from": [7.565, 19.86049, 9.52142],
			"to": [8.435, 20.73049, 10.39142],
			"rotation": {"angle": -45, "axis": "x", "origin": [8, 20.54095, 10.63768]},
			"faces": {
				"east": {"uv": [5.83333, 14.66667, 5.33333, 15.16667], "texture": "#2"},
				"south": {"uv": [15.16667, 4, 14.66667, 4.5], "texture": "#2"},
				"west": {"uv": [15.16667, 7.33333, 14.66667, 7.83333], "texture": "#2"},
				"up": {"uv": [8.5, 14.66667, 8, 15.16667], "texture": "#2"},
				"down": {"uv": [15.16667, 8.5, 14.66667, 8], "texture": "#2"}
			}
		},
		{
			"from": [7.6433, 20.04758, 10.4239],
			"to": [8.3567, 21.01098, 11.1373],
			"rotation": {"angle": 22.5, "axis": "x", "origin": [8, 20.54095, 10.63768]},
			"faces": {
				"north": {"uv": [14.5, 8.66667, 14, 9.33333], "texture": "#2"},
				"east": {"uv": [9.16667, 14, 8.66667, 14.66667], "texture": "#2"},
				"south": {"uv": [8.5, 14, 8, 14.66667], "texture": "#2"},
				"west": {"uv": [9.83333, 14, 9.33333, 14.66667], "texture": "#2"},
				"up": {"uv": [9.16667, 14.66667, 8.66667, 15.16667], "texture": "#2"}
			}
		},
		{
			"from": [7.71778, 20.78903, 10.66361],
			"to": [8.28222, 21.60347, 11.22806],
			"rotation": {"angle": 0, "axis": "y", "origin": [8, 20.54095, 10.63768]},
			"faces": {
				"north": {"uv": [4.33333, 15.33333, 4, 15.83333], "texture": "#2"},
				"east": {"uv": [3.66667, 15.33333, 3.33333, 15.83333], "texture": "#2"},
				"south": {"uv": [3, 15.33333, 2.66667, 15.83333], "texture": "#2"},
				"west": {"uv": [15.66667, 4, 15.33333, 4.5], "texture": "#2"},
				"up": {"uv": [15.66667, 7.33333, 15.33333, 7.66667], "texture": "#2"}
			}
		},
		{
			"from": [9.53033, 19.5052, 11.25],
			"to": [10.03033, 20.5052, 12],
			"rotation": {"angle": -45, "axis": "z", "origin": [10.03033, 20.5052, 11.475]},
			"faces": {
				"north": {"uv": [2.33333, 15.33333, 2, 16], "rotation": 180, "texture": "#2"},
				"east": {"uv": [14, 9.33333, 14.66667, 9.83333], "rotation": 270, "texture": "#2"},
				"south": {"uv": [1.66667, 16, 1.33333, 15.33333], "texture": "#2"},
				"west": {"uv": [10, 14, 10.66667, 14.5], "rotation": 90, "texture": "#2"},
				"up": {"uv": [7.33333, 15.33333, 7.66667, 15.83333], "rotation": 180, "texture": "#2"}
			}
		},
		{
			"from": [9, 17, 10.1],
			"to": [11, 19, 11.1],
			"rotation": {"angle": 45, "axis": "z", "origin": [8, 16, 12.1]},
			"faces": {
				"north": {"uv": [10, 8, 8.66667, 9.33333], "texture": "#2"},
				"east": {"uv": [12, 5.33333, 11.33333, 6.66667], "texture": "#2"},
				"south": {"uv": [8.66667, 8.66667, 7.33333, 10], "texture": "#2"},
				"west": {"uv": [12, 6.66667, 11.33333, 8], "texture": "#2"},
				"up": {"uv": [12, 9.33333, 10.66667, 10], "texture": "#2"},
				"down": {"uv": [8.66667, 12, 7.33333, 11.33333], "texture": "#2"}
			}
		},
		{
			"from": [6.5, 17.32843, 11.1],
			"to": [9.5, 20.32843, 12.1],
			"rotation": {"angle": 0, "axis": "z", "origin": [8, 18.82843, 12.1]},
			"faces": {
				"north": {"uv": [2, 2, 0, 4], "texture": "#2"},
				"east": {"uv": [4.66667, 7.33333, 4, 9.33333], "texture": "#2"},
				"south": {"uv": [2, 0, 0, 2], "texture": "#2"},
				"west": {"uv": [4.66667, 9.33333, 4, 11.33333], "texture": "#2"},
				"up": {"uv": [11.33333, 1.33333, 9.33333, 2], "texture": "#2"},
				"down": {"uv": [11.33333, 2.66667, 9.33333, 2], "texture": "#2"}
			}
		},
		{
			"from": [6.5, 17.32843, 14.575],
			"to": [9.5, 20.32843, 15.575],
			"rotation": {"angle": 0, "axis": "z", "origin": [8, 18.82843, 15.575]},
			"faces": {
				"north": {"uv": [4, 2, 2, 4], "texture": "#2"},
				"east": {"uv": [5.33333, 9.33333, 4.66667, 11.33333], "texture": "#2"},
				"south": {"uv": [4, 0, 2, 2], "texture": "#2"},
				"west": {"uv": [6, 9.33333, 5.33333, 11.33333], "texture": "#2"},
				"up": {"uv": [10.66667, 9.33333, 8.66667, 10], "texture": "#2"},
				"down": {"uv": [3.33333, 10.66667, 1.33333, 10], "texture": "#2"}
			}
		},
		{
			"from": [7.25, 18.07843, 12.1],
			"to": [8.75, 19.57843, 12.6],
			"rotation": {"angle": 0, "axis": "z", "origin": [8, 18.82843, 13.1]},
			"faces": {
				"east": {"uv": [14.33333, 10, 14, 11], "texture": "#2"},
				"south": {"uv": [5, 11.33333, 4, 12.33333], "texture": "#2"},
				"west": {"uv": [11, 14, 10.66667, 15], "texture": "#2"},
				"up": {"uv": [12.33333, 14, 11.33333, 14.33333], "texture": "#2"},
				"down": {"uv": [15, 11.66667, 14, 11.33333], "texture": "#2"}
			}
		},
		{
			"from": [7.25, 18.07843, 14.075],
			"to": [8.75, 19.57843, 14.575],
			"rotation": {"angle": 0, "axis": "z", "origin": [8, 18.82843, 15.075]},
			"faces": {
				"north": {"uv": [12.33333, 4, 11.33333, 5], "texture": "#2"},
				"east": {"uv": [14.33333, 12, 14, 13], "texture": "#2"},
				"west": {"uv": [13, 14, 12.66667, 15], "texture": "#2"},
				"up": {"uv": [14.33333, 14, 13.33333, 14.33333], "texture": "#2"},
				"down": {"uv": [15, 13.66667, 14, 13.33333], "texture": "#2"}
			}
		},
		{
			"from": [7.5, 18.32843, 12.6],
			"to": [8.5, 19.32843, 14.1],
			"rotation": {"angle": -45, "axis": "z", "origin": [8, 18.82843, 13.35]},
			"faces": {
				"east": {"uv": [13.66667, 12, 12.66667, 12.66667], "texture": "#2"},
				"west": {"uv": [13.66667, 12.66667, 12.66667, 13.33333], "texture": "#2"},
				"up": {"uv": [14, 0, 13.33333, 1], "texture": "#2"},
				"down": {"uv": [14, 3.66667, 13.33333, 2.66667], "texture": "#2"}
			}
		},
		{
			"from": [6.75, 17.57843, 15.575],
			"to": [9.25, 20.07843, 16.075],
			"rotation": {"angle": 0, "axis": "z", "origin": [8, 18.82843, 16.575]},
			"faces": {
				"east": {"uv": [3.66667, 13.33333, 3.33333, 15], "texture": "#2"},
				"south": {"uv": [1.66667, 4, 0, 5.66667], "texture": "#2"},
				"west": {"uv": [13.66667, 4, 13.33333, 5.66667], "texture": "#2"},
				"up": {"uv": [6.33333, 13.33333, 4.66667, 13.66667], "texture": "#2"},
				"down": {"uv": [15, 6.33333, 13.33333, 6], "texture": "#2"}
			}
		},
		{
			"from": [5.96967, 19.5052, 11.25],
			"to": [6.46967, 20.5052, 12],
			"rotation": {"angle": 45, "axis": "z", "origin": [5.96967, 20.5052, 11.475]},
			"faces": {
				"north": {"uv": [2, 15.33333, 2.33333, 16], "rotation": 180, "texture": "#2"},
				"east": {"uv": [10, 14.5, 10.66667, 14], "rotation": 90, "texture": "#2"},
				"south": {"uv": [1.33333, 16, 1.66667, 15.33333], "texture": "#2"},
				"west": {"uv": [14, 9.83333, 14.66667, 9.33333], "rotation": 270, "texture": "#2"},
				"up": {"uv": [7.66667, 15.33333, 7.33333, 15.83333], "rotation": 180, "texture": "#2"}
			}
		},
		{
			"from": [9.53033, 17.1448, 11.25],
			"to": [10.03033, 18.1448, 12],
			"rotation": {"angle": 45, "axis": "z", "origin": [10.03033, 17.1448, 11.475]},
			"faces": {
				"north": {"uv": [2.33333, 16, 2, 15.33333], "rotation": 180, "texture": "#2"},
				"east": {"uv": [14.66667, 9.33333, 14, 9.83333], "rotation": 270, "texture": "#2"},
				"south": {"uv": [1.66667, 15.33333, 1.33333, 16], "texture": "#2"},
				"west": {"uv": [10.66667, 14, 10, 14.5], "rotation": 90, "texture": "#2"},
				"down": {"uv": [7.33333, 15.83333, 7.66667, 15.33333], "rotation": 180, "texture": "#2"}
			}
		},
		{
			"from": [5.96967, 17.1448, 11.25],
			"to": [6.46967, 18.1448, 12],
			"rotation": {"angle": -45, "axis": "z", "origin": [5.96967, 17.1448, 11.475]},
			"faces": {
				"north": {"uv": [2, 16, 2.33333, 15.33333], "rotation": 180, "texture": "#2"},
				"east": {"uv": [10.66667, 14.5, 10, 14], "rotation": 90, "texture": "#2"},
				"south": {"uv": [1.33333, 15.33333, 1.66667, 16], "texture": "#2"},
				"west": {"uv": [14.66667, 9.83333, 14, 9.33333], "rotation": 270, "texture": "#2"},
				"down": {"uv": [7.66667, 15.83333, 7.33333, 15.33333], "rotation": 180, "texture": "#2"}
			}
		},
		{
			"from": [5.96967, 19.5052, 14.7],
			"to": [6.46967, 20.5052, 15.45],
			"rotation": {"angle": 45, "axis": "z", "origin": [5.96967, 20.5052, 15.225]},
			"faces": {
				"north": {"uv": [1.66667, 16, 1.33333, 15.33333], "texture": "#2"},
				"east": {"uv": [10, 14, 10.66667, 14.5], "rotation": 90, "texture": "#2"},
				"south": {"uv": [2.33333, 15.33333, 2, 16], "rotation": 180, "texture": "#2"},
				"west": {"uv": [14, 9.33333, 14.66667, 9.83333], "rotation": 270, "texture": "#2"},
				"up": {"uv": [7.66667, 15.83333, 7.33333, 15.33333], "rotation": 180, "texture": "#2"}
			}
		},
		{
			"from": [9.53033, 19.5052, 14.7],
			"to": [10.03033, 20.5052, 15.45],
			"rotation": {"angle": -45, "axis": "z", "origin": [10.03033, 20.5052, 15.225]},
			"faces": {
				"north": {"uv": [1.33333, 16, 1.66667, 15.33333], "texture": "#2"},
				"east": {"uv": [14, 9.83333, 14.66667, 9.33333], "rotation": 270, "texture": "#2"},
				"south": {"uv": [2, 15.33333, 2.33333, 16], "rotation": 180, "texture": "#2"},
				"west": {"uv": [10, 14.5, 10.66667, 14], "rotation": 90, "texture": "#2"},
				"up": {"uv": [7.33333, 15.83333, 7.66667, 15.33333], "rotation": 180, "texture": "#2"}
			}
		},
		{
			"from": [9.53033, 17.1448, 14.7],
			"to": [10.03033, 18.1448, 15.45],
			"rotation": {"angle": 45, "axis": "z", "origin": [10.03033, 17.1448, 15.225]},
			"faces": {
				"north": {"uv": [1.33333, 15.33333, 1.66667, 16], "texture": "#2"},
				"east": {"uv": [14.66667, 9.83333, 14, 9.33333], "rotation": 270, "texture": "#2"},
				"south": {"uv": [2, 16, 2.33333, 15.33333], "rotation": 180, "texture": "#2"},
				"west": {"uv": [10.66667, 14.5, 10, 14], "rotation": 90, "texture": "#2"},
				"down": {"uv": [7.33333, 15.33333, 7.66667, 15.83333], "rotation": 180, "texture": "#2"}
			}
		},
		{
			"from": [5.96967, 17.1448, 14.7],
			"to": [6.46967, 18.1448, 15.45],
			"rotation": {"angle": -45, "axis": "z", "origin": [5.96967, 17.1448, 15.225]},
			"faces": {
				"north": {"uv": [1.66667, 15.33333, 1.33333, 16], "texture": "#2"},
				"east": {"uv": [10.66667, 14, 10, 14.5], "rotation": 90, "texture": "#2"},
				"south": {"uv": [2.33333, 16, 2, 15.33333], "rotation": 180, "texture": "#2"},
				"west": {"uv": [14.66667, 9.33333, 14, 9.83333], "rotation": 270, "texture": "#2"},
				"down": {"uv": [7.66667, 15.33333, 7.33333, 15.83333], "rotation": 180, "texture": "#2"}
			}
		},
		{
			"from": [5.9775, 21.28797, 11.5816],
			"to": [6.0075, 22.53797, 15.0816],
			"rotation": {"angle": 45, "axis": "z", "origin": [8, 21.65547, 13.3316]},
			"faces": {
				"east": {"uv": [2.66667, 7.33333, 3.5, 9.66667], "rotation": 90, "texture": "#2"},
				"west": {"uv": [1.33333, 7.33333, 2.16667, 9.66667], "rotation": 270, "texture": "#2"}
			}
		},
		{
			"from": [5.3825, 21.88297, 11.5816],
			"to": [6.6325, 21.91297, 15.0816],
			"rotation": {"angle": 45, "axis": "z", "origin": [8, 21.65547, 13.3316]},
			"faces": {
				"up": {"uv": [5.5, 9, 4.66667, 6.66667], "rotation": 180, "texture": "#2"},
				"down": {"uv": [6.83333, 9, 6, 6.66667], "texture": "#2"}
			}
		},
		{
			"from": [5.3825, 15.83703, 11.5816],
			"to": [6.6325, 15.86703, 15.0816],
			"rotation": {"angle": -45, "axis": "z", "origin": [8, 16.09453, 13.3316]},
			"faces": {
				"up": {"uv": [6.83333, 6.66667, 6, 9], "texture": "#2"},
				"down": {"uv": [5.5, 6.66667, 4.66667, 9], "rotation": 180, "texture": "#2"}
			}
		},
		{
			"from": [5.9775, 15.21203, 11.5816],
			"to": [6.0075, 16.46203, 15.0816],
			"rotation": {"angle": -45, "axis": "z", "origin": [8, 16.09453, 13.3316]},
			"faces": {
				"east": {"uv": [3.5, 7.33333, 2.66667, 9.66667], "rotation": 90, "texture": "#2"},
				"west": {"uv": [2.16667, 7.33333, 1.33333, 9.66667], "rotation": 270, "texture": "#2"}
			}
		},
		{
			"from": [9.9925, 15.21203, 11.5816],
			"to": [10.0225, 16.46203, 15.0816],
			"rotation": {"angle": 45, "axis": "z", "origin": [8, 16.09453, 13.3316]},
			"faces": {
				"east": {"uv": [2.16667, 9.66667, 1.33333, 7.33333], "rotation": 270, "texture": "#2"},
				"west": {"uv": [3.5, 9.66667, 2.66667, 7.33333], "rotation": 90, "texture": "#2"}
			}
		},
		{
			"from": [9.3675, 15.83703, 11.5816],
			"to": [10.6175, 15.86703, 15.0816],
			"rotation": {"angle": 45, "axis": "z", "origin": [8, 16.09453, 13.3316]},
			"faces": {
				"up": {"uv": [6, 6.66667, 6.83333, 9], "texture": "#2"},
				"down": {"uv": [4.66667, 6.66667, 5.5, 9], "rotation": 180, "texture": "#2"}
			}
		}
	],
	"display": {
		"thirdperson_righthand": {
			"translation": [0, -3.75, 1]
		},
		"thirdperson_lefthand": {
			"translation": [0, -3.75, 1]
		},
		"firstperson_righthand": {
			"rotation": [-10, 0, 0],
			"translation": [0, -2.25, 2.25]
		},
		"firstperson_lefthand": {
			"rotation": [-10, 0, 0],
			"translation": [0, -2.25, 2.25]
		},
		"ground": {
			"rotation": [-45, 0, 0],
			"translation": [0, 4.5, 0],
			"scale": [0.6, 0.6, 0.6]
		},
		"gui": {
			"rotation": [-90, 45, 90],
			"translation": [2.5, -3, 0],
			"scale": [0.8, 0.8, 0.8]
		},
		"head": {
			"rotation": [0, 90, 0]
		},
		"fixed": {
			"rotation": [0, -90, 0],
			"translation": [0, -7.5, -1.5],
			"scale": [2.5, 2.5, 2.5]
		}
	},
	"groups": [
		{
			"name": "hammer",
			"origin": [8, 16.09453, 13.3316],
			"color": 0,
			"boneType": "",
			"children": [
				0,
				1,
				2,
				3,
				4,
				5,
				6,
				7,
				8,
				9,
				10,
				11,
				12,
				13,
				14,
				15,
				16,
				17,
				18,
				19,
				20,
				21,
				22,
				23,
				24,
				25,
				26,
				27,
				28,
				29,
				30,
				31,
				32,
				33,
				34,
				35,
				36,
				37,
				38,
				39,
				40,
				41,
				42,
				43,
				44,
				45,
				46,
				47,
				48,
				49,
				50,
				51,
				52,
				53,
				54,
				55,
				56,
				57,
				58,
				59,
				60,
				61,
				62,
				63,
				64,
				65,
				66,
				67,
				68,
				69,
				70,
				71,
				72,
				73,
				74,
				75,
				76,
				77,
				78,
				79,
				80,
				81,
				82,
				83,
				84,
				85,
				86,
				87,
				88,
				89
			]
		}
	]
}