{
	"credit": "Made by PolygonMC",
	"texture_size": [24, 24],
	"textures": {
		"3": "infernoset:animations/animations_2",
		"4": "infernoset:knife"
	},
	"elements": [
		{
			"from": [7.4, 0, 8],
			"to": [8.6, 1.5, 9.5],
			"rotation": {"angle": -45, "axis": "x", "origin": [7.5, 0, 8]},
			"faces": {
				"north": {"uv": [3.33333, 10.66667, 4.16667, 11.66667], "texture": "#4"},
				"east": {"uv": [6, 9.33333, 7, 10.33333], "texture": "#4"},
				"south": {"uv": [10.66667, 4, 11.5, 5], "texture": "#4"},
				"west": {"uv": [7.33333, 9.33333, 8.33333, 10.33333], "texture": "#4"},
				"up": {"uv": [11.5, 6.33333, 10.66667, 5.33333], "texture": "#4"},
				"down": {"uv": [6.83333, 10.66667, 6, 11.66667], "texture": "#4"}
			}
		},
		{
			"from": [7.15, 7.25, 8.25],
			"to": [8.85, 8.75, 9.75],
			"rotation": {"angle": -45, "axis": "x", "origin": [7.5, 7, 8]},
			"faces": {
				"north": {"uv": [6, 8, 7.16667, 9], "texture": "#4"},
				"east": {"uv": [9.33333, 1.33333, 10.33333, 2.33333], "texture": "#4"},
				"south": {"uv": [7.33333, 8, 8.5, 9], "texture": "#4"},
				"west": {"uv": [2, 9.33333, 3, 10.33333], "texture": "#4"},
				"up": {"uv": [9.83333, 1, 8.66667, 0], "texture": "#4"},
				"down": {"uv": [9.83333, 4.66667, 8.66667, 5.66667], "texture": "#4"}
			}
		},
		{
			"from": [7.15, 0.25, 8.25],
			"to": [8.85, 1.25, 9.25],
			"rotation": {"angle": -45, "axis": "x", "origin": [7.5, 0, 8]},
			"faces": {
				"north": {"uv": [10.66667, 6.66667, 11.83333, 7.33333], "texture": "#4"},
				"east": {"uv": [12, 12, 12.66667, 12.66667], "texture": "#4"},
				"south": {"uv": [7.33333, 10.66667, 8.5, 11.33333], "texture": "#4"},
				"west": {"uv": [12.66667, 0, 13.33333, 0.66667], "texture": "#4"},
				"up": {"uv": [11.83333, 8, 10.66667, 7.33333], "texture": "#4"},
				"down": {"uv": [11.83333, 8, 10.66667, 8.66667], "texture": "#4"}
			}
		},
		{
			"from": [7.75, 0.56066, 6.45723],
			"to": [8.25, 1.56066, 7.45723],
			"rotation": {"angle": 45, "axis": "x", "origin": [8, 1.06066, 6.95723]},
			"faces": {
				"north": {"uv": [13.33333, 10.66667, 13.66667, 11.33333], "texture": "#4"},
				"east": {"uv": [0.66667, 12.66667, 1.33333, 13.33333], "texture": "#4"},
				"south": {"uv": [11.33333, 13.33333, 11.66667, 14], "texture": "#4"},
				"west": {"uv": [12.66667, 0.66667, 13.33333, 1.33333], "texture": "#4"},
				"up": {"uv": [13.66667, 12, 13.33333, 11.33333], "texture": "#4"},
				"down": {"uv": [13, 13.33333, 12.66667, 14], "texture": "#4"}
			}
		},
		{
			"from": [7.75, -0.50711, 7.5],
			"to": [8.25, 0.49289, 8.5],
			"rotation": {"angle": 45, "axis": "x", "origin": [8, -0.00711, 8]},
			"faces": {
				"north": {"uv": [13.33333, 13.33333, 13.66667, 14], "texture": "#4"},
				"east": {"uv": [1.33333, 12.66667, 2, 13.33333], "texture": "#4"},
				"south": {"uv": [14, 0, 14.33333, 0.66667], "texture": "#4"},
				"west": {"uv": [12.66667, 1.33333, 13.33333, 2], "texture": "#4"},
				"up": {"uv": [1, 14.66667, 0.66667, 14], "texture": "#4"},
				"down": {"uv": [14.33333, 0.66667, 14, 1.33333], "texture": "#4"}
			}
		},
		{
			"from": [7.75, 0.56066, 8.54277],
			"to": [8.25, 1.56066, 9.54277],
			"rotation": {"angle": -45, "axis": "x", "origin": [8, 1.06066, 9.04277]},
			"faces": {
				"north": {"uv": [1.33333, 14, 1.66667, 14.66667], "texture": "#4"},
				"east": {"uv": [2, 12.66667, 2.66667, 13.33333], "texture": "#4"},
				"south": {"uv": [2.66667, 14, 3, 14.66667], "texture": "#4"},
				"west": {"uv": [12.66667, 2, 13.33333, 2.66667], "texture": "#4"},
				"up": {"uv": [3.66667, 14.66667, 3.33333, 14], "texture": "#4"},
				"down": {"uv": [6.33333, 14, 6, 14.66667], "texture": "#4"}
			}
		},
		{
			"from": [7.5, 1.62132, 7.5],
			"to": [8.5, 2.62132, 8.5],
			"rotation": {"angle": 0, "axis": "y", "origin": [7.5, 1.62132, 7.5]},
			"faces": {
				"north": {"uv": [2.66667, 12.66667, 3.33333, 13.33333], "texture": "#4"},
				"east": {"uv": [12.66667, 3.33333, 13.33333, 4], "texture": "#4"},
				"south": {"uv": [12.66667, 4, 13.33333, 4.66667], "texture": "#4"},
				"west": {"uv": [12.66667, 4.66667, 13.33333, 5.33333], "texture": "#4"}
			}
		},
		{
			"from": [7.5, 6.62132, 7.5],
			"to": [8.5, 7.62132, 8.5],
			"rotation": {"angle": 0, "axis": "y", "origin": [7.5, 6.62132, 7.5]},
			"faces": {
				"north": {"uv": [12.66667, 5.33333, 13.33333, 6], "texture": "#4"},
				"east": {"uv": [6, 12.66667, 6.66667, 13.33333], "texture": "#4"},
				"south": {"uv": [6.66667, 12.66667, 7.33333, 13.33333], "texture": "#4"},
				"west": {"uv": [7.33333, 12.66667, 8, 13.33333], "texture": "#4"}
			}
		},
		{
			"from": [7.6, 3.12132, 7.6],
			"to": [8.4, 6.12132, 8.4],
			"rotation": {"angle": 45, "axis": "y", "origin": [8, 4.12132, 8]},
			"faces": {
				"north": {"uv": [0, 10, 0.5, 12], "texture": "#4"},
				"east": {"uv": [10, 4, 10.5, 6], "texture": "#4"},
				"south": {"uv": [10, 6, 10.5, 8], "texture": "#4"},
				"west": {"uv": [10, 8, 10.5, 10], "texture": "#4"},
				"up": {"uv": [13.83333, 8.5, 13.33333, 8], "texture": "#4"},
				"down": {"uv": [9.16667, 13.33333, 8.66667, 13.83333], "texture": "#4"}
			}
		},
		{
			"from": [7.35, 2.62132, 7.35],
			"to": [8.65, 3.12132, 8.65],
			"rotation": {"angle": 0, "axis": "y", "origin": [7.5, 2.62132, 7.5]},
			"faces": {
				"north": {"uv": [13.33333, 2, 14.16667, 2.33333], "texture": "#4"},
				"east": {"uv": [2.66667, 13.33333, 3.5, 13.66667], "texture": "#4"},
				"south": {"uv": [13.33333, 2.66667, 14.16667, 3], "texture": "#4"},
				"west": {"uv": [13.33333, 3.33333, 14.16667, 3.66667], "texture": "#4"},
				"up": {"uv": [11.5, 9.5, 10.66667, 8.66667], "texture": "#4"},
				"down": {"uv": [12.16667, 0, 11.33333, 0.83333], "texture": "#4"}
			}
		},
		{
			"from": [7.35, 6.12132, 7.35],
			"to": [8.65, 6.62132, 8.65],
			"rotation": {"angle": 0, "axis": "y", "origin": [7.5, 6.12132, 7.5]},
			"faces": {
				"north": {"uv": [13.33333, 4, 14.16667, 4.33333], "texture": "#4"},
				"east": {"uv": [13.33333, 4.66667, 14.16667, 5], "texture": "#4"},
				"south": {"uv": [13.33333, 5.33333, 14.16667, 5.66667], "texture": "#4"},
				"west": {"uv": [6, 13.33333, 6.83333, 13.66667], "texture": "#4"},
				"up": {"uv": [1.5, 12.16667, 0.66667, 11.33333], "texture": "#4"},
				"down": {"uv": [12.16667, 1.33333, 11.33333, 2.16667], "texture": "#4"}
			}
		},
		{
			"from": [7.75, 7.75, 8],
			"to": [8.25, 9.75, 10],
			"rotation": {"angle": -45, "axis": "x", "origin": [7.75, 7.75, 8]},
			"faces": {
				"east": {"uv": [6.66667, 4, 8, 5.33333], "texture": "#4"},
				"south": {"uv": [12, 10.66667, 12.33333, 12], "texture": "#4"},
				"west": {"uv": [5.33333, 6.66667, 6.66667, 8], "texture": "#4"},
				"up": {"uv": [11.66667, 13.33333, 11.33333, 12], "texture": "#4"}
			}
		},
		{
			"from": [7.5, 6.53962, 5.07902],
			"to": [8.5, 8.53962, 6.57902],
			"rotation": {"angle": -45, "axis": "x", "origin": [8, 8.65852, 5.29037]},
			"faces": {
				"north": {"uv": [2.66667, 10.66667, 3.33333, 12], "texture": "#4"},
				"east": {"uv": [2, 8, 3, 9.33333], "texture": "#4"},
				"south": {"uv": [10.66667, 2.66667, 11.33333, 4], "texture": "#4"},
				"west": {"uv": [8, 2, 9, 3.33333], "texture": "#4"},
				"up": {"uv": [4.66667, 13, 4, 12], "texture": "#4"},
				"down": {"uv": [12.66667, 4.66667, 12, 5.66667], "texture": "#4"}
			}
		},
		{
			"from": [7.5, 6.53962, 9.42098],
			"to": [8.5, 8.53962, 10.92098],
			"rotation": {"angle": 45, "axis": "x", "origin": [8, 8.65852, 10.70963]},
			"faces": {
				"north": {"uv": [11.33333, 2.66667, 10.66667, 4], "texture": "#4"},
				"east": {"uv": [3, 8, 2, 9.33333], "texture": "#4"},
				"south": {"uv": [3.33333, 10.66667, 2.66667, 12], "texture": "#4"},
				"west": {"uv": [9, 2, 8, 3.33333], "texture": "#4"},
				"up": {"uv": [4.66667, 12, 4, 13], "texture": "#4"},
				"down": {"uv": [12.66667, 5.66667, 12, 4.66667], "texture": "#4"}
			}
		},
		{
			"from": [7.75, 7.77739, 9.03291],
			"to": [8.25, 8.27739, 10.78291],
			"rotation": {"angle": -22.5, "axis": "x", "origin": [8, 8.65852, 10.70963]},
			"faces": {
				"east": {"uv": [1.83333, 13.33333, 0.66667, 13.66667], "texture": "#4"},
				"west": {"uv": [14.5, 1.33333, 13.33333, 1.66667], "texture": "#4"},
				"down": {"uv": [2.33333, 14.5, 2, 13.33333], "texture": "#4"}
			}
		},
		{
			"from": [7.507, 7.209, 10.41765],
			"to": [8.493, 8.209, 12.41765],
			"rotation": {"angle": -45, "axis": "x", "origin": [8, 8.65852, 10.70963]},
			"faces": {
				"east": {"uv": [11.33333, 0, 10, 0.66667], "texture": "#4"},
				"south": {"uv": [10, 4, 9.33333, 4.66667], "texture": "#4"},
				"west": {"uv": [11.33333, 0.66667, 10, 1.33333], "texture": "#4"},
				"up": {"uv": [9.33333, 10, 8.66667, 11.33333], "texture": "#4"},
				"down": {"uv": [10, 11.33333, 9.33333, 10], "texture": "#4"}
			}
		},
		{
			"from": [7.507, 8.209, 11.41765],
			"to": [8.493, 9.209, 12.41765],
			"rotation": {"angle": -45, "axis": "x", "origin": [8, 8.65852, 10.70963]},
			"faces": {
				"north": {"uv": [12.66667, 7.33333, 12, 8], "texture": "#4"},
				"east": {"uv": [7.33333, 12, 6.66667, 12.66667], "texture": "#4"},
				"south": {"uv": [6.66667, 12, 6, 12.66667], "texture": "#4"},
				"west": {"uv": [12.66667, 8, 12, 8.66667], "texture": "#4"},
				"up": {"uv": [9.33333, 12, 8.66667, 12.66667], "texture": "#4"}
			}
		},
		{
			"from": [7.75, 8.38962, 10.42098],
			"to": [8.25, 9.38962, 11.42098],
			"rotation": {"angle": 45, "axis": "x", "origin": [8, 8.65852, 10.70963]},
			"faces": {
				"north": {"uv": [11, 13.33333, 10.66667, 14], "texture": "#4"},
				"east": {"uv": [12.66667, 8.66667, 12, 9.33333], "texture": "#4"},
				"west": {"uv": [10, 12, 9.33333, 12.66667], "texture": "#4"}
			}
		},
		{
			"from": [7.5035, 7.83406, 9.93708],
			"to": [8.4965, 8.83406, 11.93708],
			"rotation": {"angle": 22.5, "axis": "x", "origin": [8, 8.65852, 10.70963]},
			"faces": {
				"east": {"uv": [11.33333, 10, 10, 10.66667], "texture": "#4"},
				"south": {"uv": [12.66667, 9.33333, 12, 10], "texture": "#4"},
				"west": {"uv": [2, 10.66667, 0.66667, 11.33333], "texture": "#4"},
				"up": {"uv": [11.33333, 1.33333, 10.66667, 2.66667], "texture": "#4"},
				"down": {"uv": [2.66667, 12, 2, 10.66667], "texture": "#4"}
			}
		},
		{
			"from": [7.4, 7.41066, 7],
			"to": [8.6, 9.41066, 9],
			"rotation": {"angle": -45, "axis": "x", "origin": [8, 8.41066, 8]},
			"faces": {
				"north": {"uv": [8.66667, 6, 9.5, 7.33333], "texture": "#4"},
				"east": {"uv": [5.33333, 2.66667, 6.66667, 4], "texture": "#4"},
				"south": {"uv": [8.66667, 7.33333, 9.5, 8.66667], "texture": "#4"},
				"west": {"uv": [4, 5.33333, 5.33333, 6.66667], "texture": "#4"},
				"up": {"uv": [9.5, 10, 8.66667, 8.66667], "texture": "#4"},
				"down": {"uv": [1.5, 9.33333, 0.66667, 10.66667], "texture": "#4"}
			}
		},
		{
			"from": [7.25, 9.54195, 5.48156],
			"to": [8.75, 10.54195, 6.98156],
			"rotation": {"angle": -22.5, "axis": "x", "origin": [8, 10.69399, 7.15]},
			"faces": {
				"north": {"uv": [8.66667, 11.33333, 8, 12.33333], "rotation": 90, "texture": "#4"},
				"east": {"uv": [11.33333, 2.66667, 12, 3.66667], "rotation": 270, "texture": "#4"},
				"west": {"uv": [7.33333, 11.33333, 8, 12.33333], "rotation": 90, "texture": "#4"},
				"up": {"uv": [3.33333, 9.33333, 4.33333, 10.33333], "rotation": 180, "texture": "#4"},
				"down": {"uv": [9.33333, 2.66667, 10.33333, 3.66667], "texture": "#4"}
			}
		},
		{
			"from": [7, 9.54195, 6.98156],
			"to": [9, 11.54195, 8.98156],
			"rotation": {"angle": -22.5, "axis": "x", "origin": [8, 10.69399, 7.15]},
			"faces": {
				"north": {"uv": [5.33333, 6.66667, 4, 8], "rotation": 90, "texture": "#4"},
				"east": {"uv": [5.33333, 4, 6.66667, 5.33333], "rotation": 270, "texture": "#4"},
				"south": {"uv": [8, 4, 6.66667, 2.66667], "rotation": 90, "texture": "#4"},
				"west": {"uv": [6, 0, 7.33333, 1.33333], "rotation": 90, "texture": "#4"},
				"up": {"uv": [6, 1.33333, 7.33333, 2.66667], "rotation": 180, "texture": "#4"},
				"down": {"uv": [5.33333, 5.33333, 6.66667, 6.66667], "texture": "#4"}
			}
		},
		{
			"from": [8.50282, 10.41724, 8.22265],
			"to": [10.00282, 11.41724, 9.22265],
			"rotation": {"angle": -22.5, "axis": "x", "origin": [8, 10.69399, 7.15]},
			"faces": {
				"north": {"uv": [0.66667, 12, 0, 13], "rotation": 90, "texture": "#4"},
				"east": {"uv": [2, 7.33333, 2.66667, 8], "rotation": 270, "texture": "#4"},
				"south": {"uv": [12, 11.66667, 11.33333, 10.66667], "rotation": 90, "texture": "#4"},
				"west": {"uv": [7.33333, 2, 8, 2.66667], "rotation": 90, "texture": "#4"},
				"up": {"uv": [11.33333, 10, 12.33333, 10.66667], "rotation": 180, "texture": "#4"},
				"down": {"uv": [8.66667, 11.33333, 9.66667, 12], "texture": "#4"}
			}
		},
		{
			"from": [9.72182, 10.62956, 8.33265],
			"to": [10.89182, 11.40956, 9.11265],
			"rotation": {"angle": -22.5, "axis": "x", "origin": [8, 10.69399, 7.15]},
			"faces": {
				"north": {"uv": [12.5, 12.66667, 12, 13.5], "rotation": 90, "texture": "#4"},
				"east": {"uv": [13.33333, 7.33333, 13.83333, 7.83333], "rotation": 270, "texture": "#4"},
				"south": {"uv": [13.16667, 11.5, 12.66667, 10.66667], "rotation": 90, "texture": "#4"},
				"up": {"uv": [10, 12.66667, 10.83333, 13.16667], "rotation": 180, "texture": "#4"},
				"down": {"uv": [8.66667, 12.66667, 9.5, 13.16667], "texture": "#4"}
			}
		},
		{
			"from": [10.31462, 11.40956, 8.43545],
			"to": [10.89182, 12.27536, 9.01265],
			"rotation": {"angle": -22.5, "axis": "x", "origin": [8, 10.69399, 7.15]},
			"faces": {
				"north": {"uv": [11.16667, 14, 10.66667, 14.33333], "rotation": 90, "texture": "#4"},
				"east": {"uv": [9.33333, 14, 9.83333, 14.33333], "rotation": 270, "texture": "#4"},
				"south": {"uv": [14.5, 10.33333, 14, 10], "rotation": 90, "texture": "#4"},
				"west": {"uv": [10, 14, 10.5, 14.33333], "rotation": 90, "texture": "#4"},
				"up": {"uv": [0, 14.66667, 0.33333, 15], "rotation": 180, "texture": "#4"}
			}
		},
		{
			"from": [7.65, 12.69096, 7.82669],
			"to": [8.35, 13.19096, 10.07669],
			"rotation": {"angle": -45, "axis": "x", "origin": [8, 12.03831, 9.42559]},
			"faces": {
				"north": {"uv": [14, 12, 14.5, 12.33333], "texture": "#4"},
				"east": {"uv": [12, 6, 13.5, 6.33333], "texture": "#4"},
				"south": {"uv": [12.66667, 14, 13.16667, 14.33333], "texture": "#4"},
				"west": {"uv": [12, 6.66667, 13.5, 7], "texture": "#4"},
				"up": {"uv": [10.5, 12.16667, 10, 10.66667], "texture": "#4"},
				"down": {"uv": [11.16667, 10.66667, 10.66667, 12.16667], "texture": "#4"}
			}
		},
		{
			"from": [7.9925, 9.19096, 8.77669],
			"to": [8.0225, 12.69096, 10.02669],
			"rotation": {"angle": -45, "axis": "x", "origin": [8, 12.03831, 9.42559]},
			"faces": {
				"east": {"uv": [4.66667, 0, 5.5, 2.33333], "texture": "#4"},
				"west": {"uv": [2.66667, 5.33333, 3.5, 7.66667], "texture": "#4"}
			}
		},
		{
			"from": [7.3675, 9.19096, 9.37169],
			"to": [8.6175, 12.69096, 9.40169],
			"rotation": {"angle": -45, "axis": "x", "origin": [8, 12.03831, 9.42559]},
			"faces": {
				"north": {"uv": [2.66667, 2.66667, 3.5, 5], "texture": "#4"},
				"south": {"uv": [4, 2.66667, 4.83333, 5], "texture": "#4"}
			}
		},
		{
			"from": [5.99718, 10.41724, 8.22265],
			"to": [7.49718, 11.41724, 9.22265],
			"rotation": {"angle": -22.5, "axis": "x", "origin": [8, 10.69399, 7.15]},
			"faces": {
				"north": {"uv": [12.66667, 3.33333, 12, 4.33333], "rotation": 90, "texture": "#4"},
				"east": {"uv": [8, 4.66667, 8.66667, 5.33333], "rotation": 270, "texture": "#4"},
				"south": {"uv": [4, 13, 3.33333, 12], "rotation": 90, "texture": "#4"},
				"west": {"uv": [8.66667, 1.33333, 9.33333, 2], "rotation": 90, "texture": "#4"},
				"up": {"uv": [12, 2.66667, 13, 3.33333], "rotation": 180, "texture": "#4"},
				"down": {"uv": [2, 12, 3, 12.66667], "texture": "#4"}
			}
		},
		{
			"from": [5.10818, 10.62956, 8.33265],
			"to": [6.27818, 11.40956, 9.11265],
			"rotation": {"angle": -22.5, "axis": "x", "origin": [8, 10.69399, 7.15]},
			"faces": {
				"north": {"uv": [13.83333, 0, 13.33333, 0.83333], "rotation": 90, "texture": "#4"},
				"south": {"uv": [0.5, 14.16667, 0, 13.33333], "rotation": 90, "texture": "#4"},
				"west": {"uv": [8, 13.33333, 8.5, 13.83333], "rotation": 90, "texture": "#4"},
				"up": {"uv": [12.66667, 12.66667, 13.5, 13.16667], "rotation": 180, "texture": "#4"},
				"down": {"uv": [12.66667, 12, 13.5, 12.5], "texture": "#4"}
			}
		},
		{
			"from": [5.10818, 11.40956, 8.43545],
			"to": [5.68538, 12.27536, 9.01265],
			"rotation": {"angle": -22.5, "axis": "x", "origin": [8, 10.69399, 7.15]},
			"faces": {
				"north": {"uv": [12.5, 14, 12, 14.33333], "rotation": 90, "texture": "#4"},
				"east": {"uv": [14, 10.66667, 14.5, 11], "rotation": 270, "texture": "#4"},
				"south": {"uv": [14.5, 11.66667, 14, 11.33333], "rotation": 90, "texture": "#4"},
				"west": {"uv": [11.33333, 14, 11.83333, 14.33333], "rotation": 90, "texture": "#4"},
				"up": {"uv": [14.66667, 0, 15, 0.33333], "rotation": 180, "texture": "#4"}
			}
		},
		{
			"from": [7.5, 10.36195, 4.98156],
			"to": [8.5, 10.39195, 5.48156],
			"rotation": {"angle": -22.5, "axis": "x", "origin": [8, 10.69399, 7.15]},
			"faces": {
				"up": {"uv": [10, 13.33333, 10.66667, 13.66667], "rotation": 180, "texture": "#4"},
				"down": {"uv": [9.33333, 13.33333, 10, 13.66667], "texture": "#4"}
			}
		},
		{
			"from": [7.82, 21.61118, 8],
			"to": [8.18, 22.68618, 9.075],
			"rotation": {"angle": -45, "axis": "x", "origin": [7.82, 21.61118, 8]},
			"faces": {
				"north": {"uv": [0.66667, 14.66667, 0.83333, 15.33333], "texture": "#4"},
				"east": {"uv": [12.66667, 7.33333, 13.33333, 8], "texture": "#4"},
				"south": {"uv": [14.66667, 0.66667, 14.83333, 1.33333], "texture": "#4"},
				"west": {"uv": [8, 12.66667, 8.66667, 13.33333], "texture": "#4"},
				"up": {"uv": [1.5, 15.33333, 1.33333, 14.66667], "texture": "#4"},
				"down": {"uv": [14.83333, 1.33333, 14.66667, 2], "texture": "#4"}
			}
		},
		{
			"from": [7.825, 11.62132, 7.25],
			"to": [8.175, 22.37132, 8.75],
			"rotation": {"angle": 0, "axis": "x", "origin": [8, 15.87132, 8]},
			"faces": {
				"north": {"uv": [4.66667, 8, 4.83333, 15.16667], "texture": "#4"},
				"east": {"uv": [0, 0, 1, 7.16667], "texture": "#4"},
				"south": {"uv": [5.33333, 8, 5.5, 15.16667], "texture": "#4"},
				"west": {"uv": [1.33333, 0, 2.33333, 7.16667], "texture": "#4"},
				"down": {"uv": [14.16667, 12.66667, 14, 13.66667], "texture": "#4"}
			}
		},
		{
			"from": [7.8325, 15.37132, 6.25],
			"to": [8.1675, 17.37132, 8.75],
			"rotation": {"angle": 22.5, "axis": "x", "origin": [8, 17.37132, 6.5]},
			"faces": {
				"north": {"uv": [14, 6, 14.16667, 7.33333], "texture": "#4"},
				"east": {"uv": [2.66667, 0, 4.33333, 1.33333], "texture": "#4"},
				"west": {"uv": [2.66667, 1.33333, 4.33333, 2.66667], "texture": "#4"},
				"up": {"uv": [4.16667, 15, 4, 13.33333], "texture": "#4"},
				"down": {"uv": [7.5, 13.33333, 7.33333, 15], "texture": "#4"}
			}
		},
		{
			"from": [7.8325, 13.37132, 7.25],
			"to": [8.1675, 15.37132, 9],
			"rotation": {"angle": 22.5, "axis": "x", "origin": [8, 17.37132, 6.5]},
			"faces": {
				"north": {"uv": [6.66667, 14, 6.83333, 15.33333], "texture": "#4"},
				"east": {"uv": [7.33333, 5.33333, 8.5, 6.66667], "texture": "#4"},
				"west": {"uv": [7.33333, 6.66667, 8.5, 8], "texture": "#4"},
				"down": {"uv": [8.83333, 14, 8.66667, 15.16667], "texture": "#4"}
			}
		},
		{
			"from": [7.84, 16.46699, 6.26903],
			"to": [8.16, 20.46699, 7.26903],
			"rotation": {"angle": 0, "axis": "x", "origin": [8.0075, 19.46699, 7.51903]},
			"faces": {
				"north": {"uv": [12.66667, 8, 12.83333, 10.66667], "texture": "#4"},
				"east": {"uv": [6.66667, 5.33333, 7.33333, 8], "texture": "#4"},
				"west": {"uv": [0, 7.33333, 0.66667, 10], "texture": "#4"}
			}
		},
		{
			"from": [7.8325, 20.10411, 6.91138],
			"to": [8.1675, 22.35411, 8.56138],
			"rotation": {"angle": 22.5, "axis": "x", "origin": [8, 23.35411, 7.66138]},
			"faces": {
				"north": {"uv": [13.33333, 8.66667, 13.5, 10.16667], "texture": "#4"},
				"east": {"uv": [7.33333, 0, 8.5, 1.5], "texture": "#4"},
				"west": {"uv": [0.66667, 7.33333, 1.83333, 8.83333], "texture": "#4"},
				"down": {"uv": [14.16667, 8.66667, 14, 9.83333], "texture": "#4"}
			}
		},
		{
			"from": [7.8275, 22.18692, 6.36612],
			"to": [8.1725, 24.18692, 7.87912],
			"rotation": {"angle": 45, "axis": "x", "origin": [7.995, 22.18692, 7.11612]},
			"faces": {
				"north": {"uv": [14, 7.33333, 14.16667, 8.66667], "texture": "#4"},
				"east": {"uv": [3.33333, 8, 4.33333, 9.33333], "texture": "#4"},
				"south": {"uv": [8, 14, 8.16667, 15.33333], "texture": "#4"},
				"west": {"uv": [8, 3.33333, 9, 4.66667], "texture": "#4"},
				"up": {"uv": [13.5, 15, 13.33333, 14], "texture": "#4"},
				"down": {"uv": [14.16667, 14, 14, 15], "texture": "#4"}
			}
		},
		{
			"from": [6, 10.61195, 5.48156],
			"to": [10, 10.64195, 7.48156],
			"rotation": {"angle": -22.5, "axis": "x", "origin": [8, 10.69399, 7.15]},
			"faces": {
				"up": {"uv": [0, 0, 16, 7.98929], "rotation": 180, "texture": "#3"},
				"down": {"uv": [16, 0, 0, 7.98929], "texture": "#3"}
			}
		}
	],
	"gui_light": "front",
	"display": {
		"thirdperson_righthand": {
			"translation": [0, 1.25, 1]
		},
		"thirdperson_lefthand": {
			"translation": [0, 1.25, 1]
		},
		"firstperson_righthand": {
			"rotation": [-10, 0, 0],
			"translation": [0, 1.75, 0]
		},
		"firstperson_lefthand": {
			"rotation": [-10, 0, 0],
			"translation": [0, 1.75, 0]
		},
		"ground": {
			"rotation": [-45, 0, 0],
			"translation": [0, 4.5, 0],
			"scale": [0.6, 0.6, 0.6]
		},
		"gui": {
			"rotation": [-90, 45, 90],
			"translation": [2.25, -2.25, 0],
			"scale": [0.9, 0.9, 0.9]
		},
		"head": {
			"rotation": [0, 90, 0]
		},
		"fixed": {
			"rotation": [0, -90, 0],
			"translation": [0, -10.5, -1.5],
			"scale": [2.5, 2.5, 2.5]
		}
	},
	"groups": [
		{
			"name": "knife",
			"origin": [8, 10.69399, 7.15],
			"color": 0,
			"boneType": "",
			"children": [0, 1, 2, 3, 4, 5, 6, 7, 8, 9, 10, 11, 12, 13, 14, 15, 16, 17, 18, 19, 20, 21, 22, 23, 24, 25, 26, 27, 28, 29, 30, 31, 32, 33, 34, 35, 36, 37, 38, 39]
		}
	]
}