{
	"credit": "Made by PolygonMC",
	"texture_size": [24, 24],
	"textures": {
		"3": "mysticcyanset:fishing_rod",
		"4": "mysticcyanset:animations/animations_1"
	},
	"elements": [
		{
			"from": [7.25, 0, 7.25],
			"to": [8.75, 0.5, 8.75],
			"rotation": {"angle": 0, "axis": "y", "origin": [7.5, 0, 8.5]},
			"faces": {
				"north": {"uv": [12.66667, 6.66667, 13.66667, 7], "texture": "#3"},
				"east": {"uv": [12.66667, 7.33333, 13.66667, 7.66667], "texture": "#3"},
				"south": {"uv": [8, 12.66667, 9, 13], "texture": "#3"},
				"west": {"uv": [12.66667, 8, 13.66667, 8.33333], "texture": "#3"},
				"up": {"uv": [11, 3.66667, 10, 2.66667], "texture": "#3"},
				"down": {"uv": [4.33333, 10, 3.33333, 11], "texture": "#3"}
			}
		},
		{
			"from": [7.25, 4.25, 7.25],
			"to": [8.75, 4.75, 8.75],
			"rotation": {"angle": 0, "axis": "y", "origin": [7.5, 4.25, 8.5]},
			"faces": {
				"north": {"uv": [12.66667, 8.66667, 13.66667, 9], "texture": "#3"},
				"east": {"uv": [9.33333, 12.66667, 10.33333, 13], "texture": "#3"},
				"south": {"uv": [12.66667, 9.33333, 13.66667, 9.66667], "texture": "#3"},
				"west": {"uv": [12.66667, 10, 13.66667, 10.33333], "texture": "#3"},
				"up": {"uv": [11, 5, 10, 4], "texture": "#3"},
				"down": {"uv": [11, 5.33333, 10, 6.33333], "texture": "#3"}
			}
		},
		{
			"from": [7.35, 5.5, 7.35],
			"to": [8.65, 6.5, 8.65],
			"rotation": {"angle": 0, "axis": "y", "origin": [7.5, -2.25, 8.5]},
			"faces": {
				"north": {"uv": [11.33333, 6, 12.16667, 6.66667], "texture": "#3"},
				"east": {"uv": [11.33333, 6.66667, 12.16667, 7.33333], "texture": "#3"},
				"south": {"uv": [11.33333, 7.33333, 12.16667, 8], "texture": "#3"},
				"west": {"uv": [11.33333, 8, 12.16667, 8.66667], "texture": "#3"},
				"up": {"uv": [12.16667, 2.83333, 11.33333, 2], "texture": "#3"},
				"down": {"uv": [4.16667, 11.33333, 3.33333, 12.16667], "texture": "#3"}
			}
		},
		{
			"from": [7.35, 0.65, 7.25],
			"to": [8.65, 1.15, 8.75],
			"rotation": {"angle": 22.5, "axis": "x", "origin": [8, 0.9, 8]},
			"faces": {
				"north": {"uv": [13.33333, 2, 14.16667, 2.33333], "texture": "#3"},
				"east": {"uv": [12.66667, 10.66667, 13.66667, 11], "texture": "#3"},
				"south": {"uv": [2.66667, 13.33333, 3.5, 13.66667], "texture": "#3"},
				"west": {"uv": [12.66667, 11.33333, 13.66667, 11.66667], "texture": "#3"},
				"up": {"uv": [11.5, 11, 10.66667, 10], "texture": "#3"},
				"down": {"uv": [0.83333, 11.33333, 0, 12.33333], "texture": "#3"}
			}
		},
		{
			"from": [7.35, 3.25, 7.25],
			"to": [8.65, 3.75, 8.75],
			"rotation": {"angle": 22.5, "axis": "x", "origin": [8, 3.5, 8]},
			"faces": {
				"north": {"uv": [13.33333, 2.66667, 14.16667, 3], "texture": "#3"},
				"east": {"uv": [12, 12.66667, 13, 13], "texture": "#3"},
				"south": {"uv": [13.33333, 3.33333, 14.16667, 3.66667], "texture": "#3"},
				"west": {"uv": [0, 13.33333, 1, 13.66667], "texture": "#3"},
				"up": {"uv": [12.16667, 1.66667, 11.33333, 0.66667], "texture": "#3"},
				"down": {"uv": [2.83333, 11.33333, 2, 12.33333], "texture": "#3"}
			}
		},
		{
			"from": [7.5, 0.5, 7.5],
			"to": [8.5, 3.5, 8.5],
			"rotation": {"angle": 0, "axis": "y", "origin": [7.5, 0.5, 8.5]},
			"faces": {
				"north": {"uv": [0, 8.66667, 0.66667, 10.66667], "texture": "#3"},
				"east": {"uv": [8.66667, 0, 9.33333, 2], "texture": "#3"},
				"south": {"uv": [0.66667, 8.66667, 1.33333, 10.66667], "texture": "#3"},
				"west": {"uv": [1.33333, 8.66667, 2, 10.66667], "texture": "#3"}
			}
		},
		{
			"from": [7.4, 3.5, 7.4],
			"to": [8.6, 5.5, 8.6],
			"rotation": {"angle": 0, "axis": "y", "origin": [7.5, 3.5, 8.5]},
			"faces": {
				"north": {"uv": [8.66667, 8.66667, 9.5, 10], "texture": "#3"},
				"east": {"uv": [9.33333, 0, 10.16667, 1.33333], "texture": "#3"},
				"south": {"uv": [10, 1.33333, 10.83333, 2.66667], "texture": "#3"},
				"west": {"uv": [2, 10, 2.83333, 11.33333], "texture": "#3"}
			}
		},
		{
			"from": [7.4, -1, 7.4],
			"to": [8.6, 0, 8.6],
			"rotation": {"angle": 0, "axis": "y", "origin": [7.25, -1, 7.75]},
			"faces": {
				"north": {"uv": [11.33333, 8.66667, 12.16667, 9.33333], "texture": "#3"},
				"east": {"uv": [11.33333, 9.33333, 12.16667, 10], "texture": "#3"},
				"south": {"uv": [10, 11.33333, 10.83333, 12], "texture": "#3"},
				"west": {"uv": [11.33333, 11.33333, 12.16667, 12], "texture": "#3"}
			}
		},
		{
			"from": [7.3975, -1.37322, 7.45],
			"to": [8.6025, -0.52322, 8.3],
			"rotation": {"angle": -45, "axis": "x", "origin": [7.9975, -0.82322, 8]},
			"faces": {
				"north": {"uv": [12.66667, 4, 13.5, 4.5], "texture": "#3"},
				"east": {"uv": [13.33333, 12.66667, 13.83333, 13.16667], "texture": "#3"},
				"south": {"uv": [4.66667, 12.66667, 5.5, 13.16667], "texture": "#3"},
				"west": {"uv": [0, 14, 0.5, 14.5], "texture": "#3"},
				"up": {"uv": [13.5, 5.16667, 12.66667, 4.66667], "texture": "#3"},
				"down": {"uv": [13.5, 5.33333, 12.66667, 5.83333], "texture": "#3"}
			}
		},
		{
			"from": [7.25, 9.71421, 7],
			"to": [8.75, 11.71421, 9],
			"rotation": {"angle": 45, "axis": "x", "origin": [8, 10.71421, 8]},
			"faces": {
				"north": {"uv": [2, 8.66667, 3, 10], "texture": "#3"},
				"east": {"uv": [6.66667, 0, 8, 1.33333], "texture": "#3"},
				"south": {"uv": [8.66667, 2, 9.66667, 3.33333], "texture": "#3"},
				"west": {"uv": [6.66667, 1.33333, 8, 2.66667], "texture": "#3"},
				"up": {"uv": [4.33333, 10, 3.33333, 8.66667], "texture": "#3"},
				"down": {"uv": [9.66667, 3.33333, 8.66667, 4.66667], "texture": "#3"}
			}
		},
		{
			"from": [7.375, 8.24461, 4.9098],
			"to": [8.625, 8.74461, 7.1598],
			"rotation": {"angle": 0, "axis": "x", "origin": [8, 8.49461, 5.79019]},
			"faces": {
				"north": {"uv": [4.83333, 13.66667, 4, 13.33333], "rotation": 180, "texture": "#3"},
				"east": {"uv": [1.33333, 12, 1.66667, 13.5], "rotation": 90, "texture": "#3"},
				"south": {"uv": [7.5, 13.33333, 6.66667, 13.66667], "texture": "#3"},
				"west": {"uv": [6, 12, 6.33333, 13.5], "rotation": 270, "texture": "#3"},
				"up": {"uv": [8.66667, 6.66667, 9.5, 8.16667], "texture": "#3"},
				"down": {"uv": [8.66667, 4.66667, 9.5, 6.16667], "rotation": 180, "texture": "#3"}
			}
		},
		{
			"from": [7.376, 8.38866, 4.88115],
			"to": [8.624, 9.23866, 5.80615],
			"rotation": {"angle": 22.5, "axis": "x", "origin": [8, 8.49461, 5.79019]},
			"faces": {
				"north": {"uv": [13.5, 6.5, 12.66667, 6], "rotation": 180, "texture": "#3"},
				"east": {"uv": [10.66667, 12.66667, 11.16667, 13.33333], "rotation": 90, "texture": "#3"},
				"west": {"uv": [13.33333, 0, 13.83333, 0.66667], "rotation": 270, "texture": "#3"},
				"up": {"uv": [12, 0, 12.83333, 0.66667], "texture": "#3"}
			}
		},
		{
			"from": [7.376, 7.75055, 4.88115],
			"to": [8.624, 8.60055, 5.80615],
			"rotation": {"angle": -22.5, "axis": "x", "origin": [8, 8.49461, 5.79019]},
			"faces": {
				"north": {"uv": [7.5, 13.16667, 6.66667, 12.66667], "rotation": 180, "texture": "#3"},
				"east": {"uv": [13.33333, 0.66667, 13.83333, 1.33333], "rotation": 90, "texture": "#3"},
				"west": {"uv": [13.33333, 1.33333, 13.83333, 2], "rotation": 270, "texture": "#3"},
				"down": {"uv": [4.66667, 12, 5.5, 12.66667], "rotation": 180, "texture": "#3"}
			}
		},
		{
			"from": [7.5, 8.02113, 4.26368],
			"to": [8.5, 10.02113, 6.26368],
			"rotation": {"angle": -45, "axis": "x", "origin": [8, 8.49461, 5.79019]},
			"faces": {
				"north": {"uv": [4.66667, 8.66667, 5.33333, 10], "texture": "#3"},
				"east": {"uv": [6.66667, 2.66667, 8, 4], "texture": "#3"},
				"south": {"uv": [4.66667, 10, 5.33333, 11.33333], "texture": "#3"},
				"west": {"uv": [6.66667, 4, 8, 5.33333], "texture": "#3"},
				"up": {"uv": [10.66667, 8, 10, 6.66667], "texture": "#3"},
				"down": {"uv": [10.66667, 8, 10, 9.33333], "texture": "#3"}
			}
		},
		{
			"from": [7.375, 8.74461, 5.9098],
			"to": [8.625, 9.24461, 7.1598],
			"rotation": {"angle": 0, "axis": "x", "origin": [8, 8.49461, 5.79019]},
			"faces": {
				"north": {"uv": [9.5, 13.66667, 8.66667, 13.33333], "rotation": 180, "texture": "#3"},
				"east": {"uv": [5.33333, 13.33333, 5.66667, 14.16667], "rotation": 90, "texture": "#3"},
				"south": {"uv": [10.83333, 13.33333, 10, 13.66667], "texture": "#3"},
				"west": {"uv": [8, 13.33333, 8.33333, 14.16667], "rotation": 270, "texture": "#3"},
				"up": {"uv": [11.33333, 3.33333, 12.16667, 4.16667], "texture": "#3"}
			}
		},
		{
			"from": [7.375, 7.74461, 5.9098],
			"to": [8.625, 8.24461, 7.1598],
			"rotation": {"angle": 0, "axis": "x", "origin": [8, 8.49461, 5.79019]},
			"faces": {
				"north": {"uv": [14.16667, 12.33333, 13.33333, 12], "rotation": 180, "texture": "#3"},
				"east": {"uv": [11.33333, 13.33333, 11.66667, 14.16667], "rotation": 90, "texture": "#3"},
				"south": {"uv": [13.5, 13.33333, 12.66667, 13.66667], "texture": "#3"},
				"west": {"uv": [12, 13.33333, 12.33333, 14.16667], "rotation": 270, "texture": "#3"},
				"down": {"uv": [11.33333, 4.66667, 12.16667, 5.5], "rotation": 180, "texture": "#3"}
			}
		},
		{
			"from": [7.375, 8.24461, 8.8402],
			"to": [8.625, 8.74461, 11.0902],
			"rotation": {"angle": 0, "axis": "x", "origin": [8, 8.49461, 10.20981]},
			"faces": {
				"north": {"uv": [6.66667, 13.33333, 7.5, 13.66667], "texture": "#3"},
				"east": {"uv": [1.33333, 13.5, 1.66667, 12], "rotation": 90, "texture": "#3"},
				"south": {"uv": [4, 13.66667, 4.83333, 13.33333], "rotation": 180, "texture": "#3"},
				"west": {"uv": [6, 13.5, 6.33333, 12], "rotation": 270, "texture": "#3"},
				"up": {"uv": [8.66667, 8.16667, 9.5, 6.66667], "texture": "#3"},
				"down": {"uv": [8.66667, 6.16667, 9.5, 4.66667], "rotation": 180, "texture": "#3"}
			}
		},
		{
			"from": [7.376, 8.38866, 10.19385],
			"to": [8.624, 9.23866, 11.11885],
			"rotation": {"angle": -22.5, "axis": "x", "origin": [8, 8.49461, 10.20981]},
			"faces": {
				"east": {"uv": [10.66667, 13.33333, 11.16667, 12.66667], "rotation": 90, "texture": "#3"},
				"south": {"uv": [12.66667, 6.5, 13.5, 6], "rotation": 180, "texture": "#3"},
				"west": {"uv": [13.33333, 0.66667, 13.83333, 0], "rotation": 270, "texture": "#3"},
				"up": {"uv": [12, 0.66667, 12.83333, 0], "texture": "#3"}
			}
		},
		{
			"from": [7.376, 7.75055, 10.19385],
			"to": [8.624, 8.60055, 11.11885],
			"rotation": {"angle": 22.5, "axis": "x", "origin": [8, 8.49461, 10.20981]},
			"faces": {
				"east": {"uv": [13.33333, 1.33333, 13.83333, 0.66667], "rotation": 90, "texture": "#3"},
				"south": {"uv": [6.66667, 13.16667, 7.5, 12.66667], "rotation": 180, "texture": "#3"},
				"west": {"uv": [13.33333, 2, 13.83333, 1.33333], "rotation": 270, "texture": "#3"},
				"down": {"uv": [4.66667, 12.66667, 5.5, 12], "rotation": 180, "texture": "#3"}
			}
		},
		{
			"from": [7.5, 8.02113, 9.73632],
			"to": [8.5, 10.02113, 11.73632],
			"rotation": {"angle": 45, "axis": "x", "origin": [8, 8.49461, 10.20981]},
			"faces": {
				"north": {"uv": [5.33333, 10, 4.66667, 11.33333], "texture": "#3"},
				"east": {"uv": [8, 2.66667, 6.66667, 4], "texture": "#3"},
				"south": {"uv": [5.33333, 8.66667, 4.66667, 10], "texture": "#3"},
				"west": {"uv": [8, 4, 6.66667, 5.33333], "texture": "#3"},
				"up": {"uv": [10.66667, 6.66667, 10, 8], "texture": "#3"},
				"down": {"uv": [10.66667, 9.33333, 10, 8], "texture": "#3"}
			}
		},
		{
			"from": [7.375, 8.74461, 8.8402],
			"to": [8.625, 9.24461, 10.0902],
			"rotation": {"angle": 0, "axis": "x", "origin": [8, 8.49461, 10.20981]},
			"faces": {
				"north": {"uv": [10, 13.33333, 10.83333, 13.66667], "texture": "#3"},
				"east": {"uv": [5.33333, 14.16667, 5.66667, 13.33333], "rotation": 90, "texture": "#3"},
				"south": {"uv": [8.66667, 13.66667, 9.5, 13.33333], "rotation": 180, "texture": "#3"},
				"west": {"uv": [8, 14.16667, 8.33333, 13.33333], "rotation": 270, "texture": "#3"},
				"up": {"uv": [11.33333, 4.16667, 12.16667, 3.33333], "texture": "#3"}
			}
		},
		{
			"from": [7.375, 7.74461, 8.8402],
			"to": [8.625, 8.24461, 10.0902],
			"rotation": {"angle": 0, "axis": "x", "origin": [8, 8.49461, 10.20981]},
			"faces": {
				"north": {"uv": [12.66667, 13.33333, 13.5, 13.66667], "texture": "#3"},
				"east": {"uv": [11.33333, 14.16667, 11.66667, 13.33333], "rotation": 90, "texture": "#3"},
				"south": {"uv": [13.33333, 12.33333, 14.16667, 12], "rotation": 180, "texture": "#3"},
				"west": {"uv": [12, 14.16667, 12.33333, 13.33333], "rotation": 270, "texture": "#3"},
				"down": {"uv": [11.33333, 5.5, 12.16667, 4.66667], "rotation": 180, "texture": "#3"}
			}
		},
		{
			"from": [7.5, 6.5, 6],
			"to": [8.5, 10.5, 7],
			"rotation": {"angle": 45, "axis": "x", "origin": [8, 8.5, 8]},
			"faces": {
				"north": {"uv": [6.66667, 5.33333, 7.33333, 8], "texture": "#3"},
				"east": {"uv": [7.33333, 5.33333, 8, 8], "texture": "#3"},
				"south": {"uv": [8, 0, 8.66667, 2.66667], "texture": "#3"},
				"west": {"uv": [8, 2.66667, 8.66667, 5.33333], "texture": "#3"},
				"down": {"uv": [10, 1.33333, 9.33333, 2], "texture": "#3"}
			}
		},
		{
			"from": [7.5, 6.5, 9],
			"to": [8.5, 10.5, 10],
			"rotation": {"angle": 45, "axis": "x", "origin": [8, 8.5, 8]},
			"faces": {
				"north": {"uv": [8, 5.33333, 8.66667, 8], "texture": "#3"},
				"east": {"uv": [6.66667, 8, 7.33333, 10.66667], "texture": "#3"},
				"south": {"uv": [7.33333, 8, 8, 10.66667], "texture": "#3"},
				"west": {"uv": [8, 8, 8.66667, 10.66667], "texture": "#3"},
				"up": {"uv": [11.33333, 1.33333, 10.66667, 0.66667], "texture": "#3"},
				"down": {"uv": [5.33333, 11.33333, 4.66667, 12], "texture": "#3"}
			}
		},
		{
			"from": [7.5, 6.5, 7],
			"to": [8.5, 7.5, 9],
			"rotation": {"angle": 45, "axis": "x", "origin": [8, 8.5, 8]},
			"faces": {
				"east": {"uv": [8.66667, 10, 10, 10.66667], "texture": "#3"},
				"west": {"uv": [10, 9.33333, 11.33333, 10], "texture": "#3"},
				"down": {"uv": [10.66667, 10, 10, 11.33333], "texture": "#3"}
			}
		},
		{
			"from": [7.5, 9.5, 7],
			"to": [8.5, 10.5, 9],
			"rotation": {"angle": 45, "axis": "x", "origin": [8, 8.5, 8]},
			"faces": {
				"east": {"uv": [0, 10.66667, 1.33333, 11.33333], "texture": "#3"},
				"west": {"uv": [10.66667, 0, 12, 0.66667], "texture": "#3"},
				"up": {"uv": [2, 12, 1.33333, 10.66667], "texture": "#3"},
				"down": {"uv": [6, 10.66667, 5.33333, 12], "texture": "#3"}
			}
		},
		{
			"from": [7, 7.48921, 7],
			"to": [9, 9.48921, 9],
			"rotation": {"angle": 45, "axis": "x", "origin": [8, 8.48921, 8]},
			"faces": {
				"north": {"uv": [6.5, 0, 10.5, 4], "texture": "#4"},
				"east": {"uv": [6.5, 0, 10.5, 4], "texture": "#4"},
				"south": {"uv": [6.5, 0, 10.5, 4], "texture": "#4"},
				"west": {"uv": [6.5, 0, 10.5, 4], "texture": "#4"},
				"up": {"uv": [6.5, 0, 10.5, 4], "texture": "#4"},
				"down": {"uv": [6.5, 0, 10.5, 4], "texture": "#4"}
			}
		},
		{
			"from": [5.65, 7.25, 4.7],
			"to": [5.68, 12.25, 7.7],
			"rotation": {"angle": 22.5, "axis": "y", "origin": [5.65, 7.25, 3.7]},
			"faces": {
				"east": {"uv": [6, 0, 0, 10], "texture": "#4"},
				"west": {"uv": [0, 0, 6, 10], "texture": "#4"}
			}
		},
		{
			"from": [5.65, 7.25, 8.3],
			"to": [5.68, 12.25, 11.3],
			"rotation": {"angle": -22.5, "axis": "y", "origin": [5.65, 7.25, 12.3]},
			"faces": {
				"east": {"uv": [0, 0, 6, 10], "texture": "#4"},
				"west": {"uv": [6, 0, 0, 10], "texture": "#4"}
			}
		},
		{
			"from": [10.32, 7.25, 8.3],
			"to": [10.35, 12.25, 11.3],
			"rotation": {"angle": 22.5, "axis": "y", "origin": [10.35, 7.25, 12.3]},
			"faces": {
				"east": {"uv": [0, 0, 6, 10], "texture": "#4"},
				"west": {"uv": [6, 0, 0, 10], "texture": "#4"}
			}
		},
		{
			"from": [10.32, 7.25, 4.7],
			"to": [10.35, 12.25, 7.7],
			"rotation": {"angle": -22.5, "axis": "y", "origin": [10.35, 7.25, 3.7]},
			"faces": {
				"east": {"uv": [6, 0, 0, 10], "texture": "#4"},
				"west": {"uv": [0, 0, 6, 10], "texture": "#4"}
			}
		},
		{
			"from": [7.5, 11.55, 7.5],
			"to": [8.5, 18.8, 8.5],
			"rotation": {"angle": 0, "axis": "y", "origin": [7.5, 0.5, 7.5]},
			"faces": {
				"north": {"uv": [5.33333, 0, 6, 4.83333], "texture": "#3"},
				"east": {"uv": [5.33333, 5.33333, 6, 10.16667], "texture": "#3"},
				"south": {"uv": [6, 0, 6.66667, 4.83333], "texture": "#3"},
				"west": {"uv": [6, 5.33333, 6.66667, 10.16667], "texture": "#3"},
				"up": {"uv": [7.33333, 12.66667, 6.66667, 12], "texture": "#3"}
			}
		},
		{
			"from": [7.502, 18.41732, 7.57612],
			"to": [8.498, 20.41732, 8.57612],
			"rotation": {"angle": -22.5, "axis": "x", "origin": [7.502, 18.41732, 7.57612]},
			"faces": {
				"north": {"uv": [6, 10.66667, 6.66667, 12], "texture": "#3"},
				"east": {"uv": [6.66667, 10.66667, 7.33333, 12], "texture": "#3"},
				"south": {"uv": [10.66667, 6.66667, 11.33333, 8], "texture": "#3"},
				"west": {"uv": [7.33333, 10.66667, 8, 12], "texture": "#3"},
				"up": {"uv": [8, 12.66667, 7.33333, 12], "texture": "#3"}
			}
		},
		{
			"from": [7.5035, 20.00131, 6.17397],
			"to": [8.4965, 22.00131, 7.17397],
			"rotation": {"angle": -45, "axis": "x", "origin": [8.0025, 21.00131, 6.67397]},
			"faces": {
				"north": {"uv": [8, 10.66667, 8.66667, 12], "texture": "#3"},
				"east": {"uv": [10.66667, 8, 11.33333, 9.33333], "texture": "#3"},
				"south": {"uv": [8.66667, 10.66667, 9.33333, 12], "texture": "#3"},
				"west": {"uv": [9.33333, 10.66667, 10, 12], "texture": "#3"},
				"up": {"uv": [8.66667, 12.66667, 8, 12], "texture": "#3"}
			}
		},
		{
			"from": [8.5, 13, 5.75],
			"to": [9, 13.5, 7.75],
			"rotation": {"angle": 0, "axis": "y", "origin": [8, 13.25, 6.75]},
			"faces": {
				"north": {"uv": [4, 14, 4.33333, 14.33333], "texture": "#3"},
				"east": {"uv": [8.66667, 12, 10, 12.33333], "texture": "#3"},
				"south": {"uv": [14, 4, 14.33333, 4.33333], "texture": "#3"},
				"west": {"uv": [10, 12, 11.33333, 12.33333], "texture": "#3"},
				"up": {"uv": [12.33333, 11.33333, 12, 10], "texture": "#3"},
				"down": {"uv": [11.66667, 12, 11.33333, 13.33333], "texture": "#3"}
			}
		},
		{
			"from": [7.5, 13, 7.25],
			"to": [8.5, 13.5, 7.75],
			"rotation": {"angle": 0, "axis": "y", "origin": [8, 13.25, 6.75]},
			"faces": {
				"north": {"uv": [14, 0, 14.66667, 0.33333], "texture": "#3"},
				"south": {"uv": [0.66667, 14, 1.33333, 14.33333], "texture": "#3"},
				"up": {"uv": [14.66667, 1, 14, 0.66667], "texture": "#3"},
				"down": {"uv": [2, 14, 1.33333, 14.33333], "texture": "#3"}
			}
		},
		{
			"from": [7.5, 13, 5.75],
			"to": [8.5, 13.5, 6.25],
			"rotation": {"angle": 0, "axis": "y", "origin": [8, 13.25, 6.75]},
			"faces": {
				"north": {"uv": [14, 1.33333, 14.66667, 1.66667], "texture": "#3"},
				"south": {"uv": [2, 14, 2.66667, 14.33333], "texture": "#3"},
				"up": {"uv": [3.33333, 14.33333, 2.66667, 14], "texture": "#3"},
				"down": {"uv": [4, 14, 3.33333, 14.33333], "texture": "#3"}
			}
		},
		{
			"from": [7, 13, 5.75],
			"to": [7.5, 13.5, 7.75],
			"rotation": {"angle": 0, "axis": "y", "origin": [8, 13.25, 6.75]},
			"faces": {
				"north": {"uv": [4.66667, 14, 5, 14.33333], "texture": "#3"},
				"east": {"uv": [12, 12, 13.33333, 12.33333], "texture": "#3"},
				"south": {"uv": [14, 4.66667, 14.33333, 5], "texture": "#3"},
				"west": {"uv": [0, 12.66667, 1.33333, 13], "texture": "#3"},
				"up": {"uv": [13, 2, 12.66667, 0.66667], "texture": "#3"},
				"down": {"uv": [2.33333, 12.66667, 2, 14], "texture": "#3"}
			}
		},
		{
			"from": [8.5, 16.25, 5.75],
			"to": [9, 16.75, 7.75],
			"rotation": {"angle": 0, "axis": "y", "origin": [8, 16.5, 6.75]},
			"faces": {
				"north": {"uv": [4, 14, 4.33333, 14.33333], "texture": "#3"},
				"east": {"uv": [8.66667, 12, 10, 12.33333], "texture": "#3"},
				"south": {"uv": [14, 4, 14.33333, 4.33333], "texture": "#3"},
				"west": {"uv": [10, 12, 11.33333, 12.33333], "texture": "#3"},
				"up": {"uv": [12.33333, 11.33333, 12, 10], "texture": "#3"},
				"down": {"uv": [11.66667, 12, 11.33333, 13.33333], "texture": "#3"}
			}
		},
		{
			"from": [7.5, 16.25, 7.25],
			"to": [8.5, 16.75, 7.75],
			"rotation": {"angle": 0, "axis": "y", "origin": [8, 16.5, 6.75]},
			"faces": {
				"north": {"uv": [14, 0, 14.66667, 0.33333], "texture": "#3"},
				"south": {"uv": [0.66667, 14, 1.33333, 14.33333], "texture": "#3"},
				"up": {"uv": [14.66667, 1, 14, 0.66667], "texture": "#3"},
				"down": {"uv": [2, 14, 1.33333, 14.33333], "texture": "#3"}
			}
		},
		{
			"from": [7.5, 16.25, 5.75],
			"to": [8.5, 16.75, 6.25],
			"rotation": {"angle": 0, "axis": "y", "origin": [8, 16.5, 6.75]},
			"faces": {
				"north": {"uv": [14, 1.33333, 14.66667, 1.66667], "texture": "#3"},
				"south": {"uv": [2, 14, 2.66667, 14.33333], "texture": "#3"},
				"up": {"uv": [3.33333, 14.33333, 2.66667, 14], "texture": "#3"},
				"down": {"uv": [4, 14, 3.33333, 14.33333], "texture": "#3"}
			}
		},
		{
			"from": [7, 16.25, 5.75],
			"to": [7.5, 16.75, 7.75],
			"rotation": {"angle": 0, "axis": "y", "origin": [8, 16.5, 6.75]},
			"faces": {
				"north": {"uv": [4.66667, 14, 5, 14.33333], "texture": "#3"},
				"east": {"uv": [12, 12, 13.33333, 12.33333], "texture": "#3"},
				"south": {"uv": [14, 4.66667, 14.33333, 5], "texture": "#3"},
				"west": {"uv": [0, 12.66667, 1.33333, 13], "texture": "#3"},
				"up": {"uv": [13, 2, 12.66667, 0.66667], "texture": "#3"},
				"down": {"uv": [2.33333, 12.66667, 2, 14], "texture": "#3"}
			}
		},
		{
			"from": [7, 19.4, 5.25],
			"to": [7.5, 19.9, 7.25],
			"rotation": {"angle": -22.5, "axis": "x", "origin": [8, 19.65, 6.25]},
			"faces": {
				"north": {"uv": [4.66667, 14, 5, 14.33333], "texture": "#3"},
				"east": {"uv": [12, 12, 13.33333, 12.33333], "texture": "#3"},
				"south": {"uv": [14, 4.66667, 14.33333, 5], "texture": "#3"},
				"west": {"uv": [0, 12.66667, 1.33333, 13], "texture": "#3"},
				"up": {"uv": [13, 2, 12.66667, 0.66667], "texture": "#3"},
				"down": {"uv": [2.33333, 12.66667, 2, 14], "texture": "#3"}
			}
		},
		{
			"from": [7.5, 19.4, 6.75],
			"to": [8.5, 19.9, 7.25],
			"rotation": {"angle": -22.5, "axis": "x", "origin": [8, 19.65, 6.25]},
			"faces": {
				"north": {"uv": [14, 0, 14.66667, 0.33333], "texture": "#3"},
				"south": {"uv": [0.66667, 14, 1.33333, 14.33333], "texture": "#3"},
				"up": {"uv": [14.66667, 1, 14, 0.66667], "texture": "#3"},
				"down": {"uv": [2, 14, 1.33333, 14.33333], "texture": "#3"}
			}
		},
		{
			"from": [8.5, 19.4, 5.25],
			"to": [9, 19.9, 7.25],
			"rotation": {"angle": -22.5, "axis": "x", "origin": [8, 19.65, 6.25]},
			"faces": {
				"north": {"uv": [4, 14, 4.33333, 14.33333], "texture": "#3"},
				"east": {"uv": [8.66667, 12, 10, 12.33333], "texture": "#3"},
				"south": {"uv": [14, 4, 14.33333, 4.33333], "texture": "#3"},
				"west": {"uv": [10, 12, 11.33333, 12.33333], "texture": "#3"},
				"up": {"uv": [12.33333, 11.33333, 12, 10], "texture": "#3"},
				"down": {"uv": [11.66667, 12, 11.33333, 13.33333], "texture": "#3"}
			}
		},
		{
			"from": [7.5, 19.4, 5.25],
			"to": [8.5, 19.9, 5.75],
			"rotation": {"angle": -22.5, "axis": "x", "origin": [8, 19.65, 6.25]},
			"faces": {
				"north": {"uv": [14, 1.33333, 14.66667, 1.66667], "texture": "#3"},
				"south": {"uv": [2, 14, 2.66667, 14.33333], "texture": "#3"},
				"up": {"uv": [3.33333, 14.33333, 2.66667, 14], "texture": "#3"},
				"down": {"uv": [4, 14, 3.33333, 14.33333], "texture": "#3"}
			}
		},
		{
			"from": [7.5, 17, 3.25],
			"to": [8.5, 18, 4.25],
			"rotation": {"angle": 0, "axis": "y", "origin": [7.5, 17, 3.25]},
			"faces": {
				"north": {"uv": [12.66667, 2, 13.33333, 2.66667], "texture": "#3"},
				"east": {"uv": [2.66667, 12.66667, 3.33333, 13.33333], "texture": "#3"},
				"south": {"uv": [12.66667, 2.66667, 13.33333, 3.33333], "texture": "#3"},
				"west": {"uv": [3.33333, 12.66667, 4, 13.33333], "texture": "#3"},
				"up": {"uv": [13.33333, 4, 12.66667, 3.33333], "texture": "#3"},
				"down": {"uv": [4.66667, 12.66667, 4, 13.33333], "texture": "#3"}
			}
		},
		{
			"from": [7.985, 9, 2.5],
			"to": [8.015, 22.125, 10],
			"rotation": {"angle": 0, "axis": "y", "origin": [7.985, 14.375, 6.14017]},
			"faces": {
				"east": {"uv": [5, 0, 0, 8.66667], "texture": "#3"},
				"west": {"uv": [0, 0, 5, 8.66667], "texture": "#3"}
			}
		}
	],
	"gui_light": "front",
	"display": {
		"thirdperson_righthand": {
			"translation": [0, 3.5, 0.75]
		},
		"thirdperson_lefthand": {
			"translation": [0, 3.5, 0.75]
		},
		"firstperson_righthand": {
			"rotation": [-10, 0, 0],
			"translation": [0, 2.75, 1]
		},
		"firstperson_lefthand": {
			"rotation": [-10, 0, 0],
			"translation": [0, 2.75, 1]
		},
		"ground": {
			"rotation": [-45, 0, 0],
			"translation": [0, 8, 0]
		},
		"gui": {
			"rotation": [-90, 45, 90],
			"translation": [1.75, -0.75, 0],
			"scale": [0.74805, 0.74805, 0.74805]
		},
		"head": {
			"rotation": [0, -90, 0]
		},
		"fixed": {
			"rotation": [0, -90, 0],
			"translation": [0, -7.5, -1.75],
			"scale": [2.5, 2.5, 2.5]
		}
	}
}