{
	"credit": "Made by PolygonMC",
	"texture_size": [24, 24],
	"textures": {
		"2": "mysticcyanset:animations/animations_greatsword",
		"4": "mysticcyanset:animations/animations_1",
		"5": "mysticcyanset:shield",
		"particle": "mysticcyanset:shield"
	},
	"elements": [
		{
			"from": [7.25, 4.375, 9.68972],
			"to": [8.75, 4.875, 11.18972],
			"rotation": {"angle": 0, "axis": "y", "origin": [8, 7.375, 10.43972]},
			"faces": {
				"north": {"uv": [10.66667, 12.66667, 11.66667, 13], "texture": "#5"},
				"east": {"uv": [12.66667, 10.66667, 13.66667, 11], "texture": "#5"},
				"south": {"uv": [12.66667, 11.33333, 13.66667, 11.66667], "texture": "#5"},
				"west": {"uv": [12.66667, 12, 13.66667, 12.33333], "texture": "#5"},
				"up": {"uv": [11, 7.66667, 10, 6.66667], "texture": "#5"},
				"down": {"uv": [9, 10, 8, 11], "texture": "#5"}
			}
		},
		{
			"from": [7.25, 8.625, 9.68972],
			"to": [8.75, 9.125, 11.18972],
			"rotation": {"angle": 0, "axis": "y", "origin": [8, 7.375, 10.43972]},
			"faces": {
				"north": {"uv": [12.66667, 12.66667, 13.66667, 13], "texture": "#5"},
				"east": {"uv": [0, 13.33333, 1, 13.66667], "texture": "#5"},
				"south": {"uv": [13.33333, 0, 14.33333, 0.33333], "texture": "#5"},
				"west": {"uv": [13.33333, 0.66667, 14.33333, 1], "texture": "#5"},
				"up": {"uv": [10.33333, 11, 9.33333, 10], "texture": "#5"},
				"down": {"uv": [1, 10.66667, 0, 11.66667], "texture": "#5"}
			}
		},
		{
			"from": [7.25, 9.875, 9.68972],
			"to": [8.75, 10.375, 11.18972],
			"rotation": {"angle": 0, "axis": "y", "origin": [8, 7.375, 10.43972]},
			"faces": {
				"north": {"uv": [13.33333, 1.33333, 14.33333, 1.66667], "texture": "#5"},
				"east": {"uv": [2, 13.33333, 3, 13.66667], "texture": "#5"},
				"south": {"uv": [13.33333, 2, 14.33333, 2.33333], "texture": "#5"},
				"west": {"uv": [13.33333, 2.66667, 14.33333, 3], "texture": "#5"},
				"up": {"uv": [11.66667, 1, 10.66667, 0], "texture": "#5"},
				"down": {"uv": [11.66667, 1.33333, 10.66667, 2.33333], "texture": "#5"}
			}
		},
		{
			"from": [7.35, 5.18485, 10.49335],
			"to": [8.65, 5.68485, 11.99335],
			"rotation": {"angle": 22.5, "axis": "x", "origin": [8, 7.375, 10.43972]},
			"faces": {
				"north": {"uv": [13.33333, 6.66667, 14.16667, 7], "texture": "#5"},
				"east": {"uv": [13.33333, 3.33333, 14.33333, 3.66667], "texture": "#5"},
				"south": {"uv": [13.33333, 8, 14.16667, 8.33333], "texture": "#5"},
				"west": {"uv": [13.33333, 4, 14.33333, 4.33333], "texture": "#5"},
				"up": {"uv": [12.16667, 10.33333, 11.33333, 9.33333], "texture": "#5"},
				"down": {"uv": [12.16667, 10.66667, 11.33333, 11.66667], "texture": "#5"}
			}
		},
		{
			"from": [7.35, 7.58694, 9.49837],
			"to": [8.65, 8.08694, 10.99837],
			"rotation": {"angle": 22.5, "axis": "x", "origin": [8, 7.375, 10.43972]},
			"faces": {
				"north": {"uv": [10, 13.33333, 10.83333, 13.66667], "texture": "#5"},
				"east": {"uv": [13.33333, 4.66667, 14.33333, 5], "texture": "#5"},
				"south": {"uv": [12.66667, 13.33333, 13.5, 13.66667], "texture": "#5"},
				"west": {"uv": [13.33333, 5.33333, 14.33333, 5.66667], "texture": "#5"},
				"up": {"uv": [0.83333, 13, 0, 12], "texture": "#5"},
				"down": {"uv": [12.83333, 0, 12, 1], "texture": "#5"}
			}
		},
		{
			"from": [7.5, 4.875, 9.93972],
			"to": [8.5, 7.875, 10.93972],
			"rotation": {"angle": 0, "axis": "y", "origin": [8, 7.375, 10.43972]},
			"faces": {
				"north": {"uv": [8, 6.66667, 8.66667, 8.66667], "texture": "#5"},
				"east": {"uv": [8.66667, 0, 9.33333, 2], "texture": "#5"},
				"south": {"uv": [8.66667, 2, 9.33333, 4], "texture": "#5"},
				"west": {"uv": [8.66667, 4, 9.33333, 6], "texture": "#5"}
			}
		},
		{
			"from": [7.4, 7.875, 9.83972],
			"to": [8.6, 9.875, 11.03972],
			"rotation": {"angle": 0, "axis": "y", "origin": [8, 7.375, 10.43972]},
			"faces": {
				"north": {"uv": [9.33333, 8.66667, 10.16667, 10], "texture": "#5"},
				"east": {"uv": [5.33333, 10, 6.16667, 11.33333], "texture": "#5"},
				"south": {"uv": [10, 5.33333, 10.83333, 6.66667], "texture": "#5"},
				"west": {"uv": [6.66667, 10, 7.5, 11.33333], "texture": "#5"}
			}
		},
		{
			"from": [7.4, 3.375, 9.83972],
			"to": [8.6, 4.375, 11.03972],
			"rotation": {"angle": 0, "axis": "y", "origin": [8, 7.375, 10.43972]},
			"faces": {
				"north": {"uv": [4.66667, 12, 5.5, 12.66667], "texture": "#5"},
				"east": {"uv": [12, 6, 12.83333, 6.66667], "texture": "#5"},
				"south": {"uv": [12, 6.66667, 12.83333, 7.33333], "texture": "#5"},
				"west": {"uv": [7.33333, 12, 8.16667, 12.66667], "texture": "#5"}
			}
		},
		{
			"from": [7.3975, 4.12158, 7.18629],
			"to": [8.6025, 4.97158, 8.03629],
			"rotation": {"angle": -45, "axis": "x", "origin": [8, 7.375, 10.43972]},
			"faces": {
				"north": {"uv": [6.66667, 12.66667, 7.5, 13.16667], "texture": "#5"},
				"east": {"uv": [14, 8.66667, 14.5, 9.16667], "texture": "#5"},
				"south": {"uv": [12.66667, 7.33333, 13.5, 7.83333], "texture": "#5"},
				"west": {"uv": [14, 9.33333, 14.5, 9.83333], "texture": "#5"},
				"up": {"uv": [8.83333, 13.16667, 8, 12.66667], "texture": "#5"},
				"down": {"uv": [13.5, 8.66667, 12.66667, 9.16667], "texture": "#5"}
			}
		},
		{
			"from": [7.4, 10.375, 9.83972],
			"to": [8.6, 11.375, 11.03972],
			"rotation": {"angle": 0, "axis": "y", "origin": [8, 7.375, 10.43972]},
			"faces": {
				"north": {"uv": [4.66667, 12.66667, 5.5, 12], "texture": "#5"},
				"east": {"uv": [12, 6.66667, 12.83333, 6], "texture": "#5"},
				"south": {"uv": [12, 7.33333, 12.83333, 6.66667], "texture": "#5"},
				"west": {"uv": [7.33333, 12.66667, 8.16667, 12], "texture": "#5"}
			}
		},
		{
			"from": [7.3975, 9.77842, 7.18629],
			"to": [8.6025, 10.62842, 8.03629],
			"rotation": {"angle": 45, "axis": "x", "origin": [8, 7.375, 10.43972]},
			"faces": {
				"north": {"uv": [6.66667, 13.16667, 7.5, 12.66667], "texture": "#5"},
				"east": {"uv": [14, 9.16667, 14.5, 8.66667], "texture": "#5"},
				"south": {"uv": [12.66667, 7.83333, 13.5, 7.33333], "texture": "#5"},
				"west": {"uv": [14, 9.83333, 14.5, 9.33333], "texture": "#5"},
				"up": {"uv": [13.5, 9.16667, 12.66667, 8.66667], "texture": "#5"},
				"down": {"uv": [8.83333, 12.66667, 8, 13.16667], "texture": "#5"}
			}
		},
		{
			"from": [6.41412, 11.12864, 6.18972],
			"to": [8.41412, 13.12864, 7.68972],
			"rotation": {"angle": -45, "axis": "z", "origin": [8, 11.54277, 6.93972]},
			"faces": {
				"north": {"uv": [7.33333, 0, 8.66667, 1.33333], "rotation": 270, "texture": "#5"},
				"east": {"uv": [9, 10, 8, 8.66667], "rotation": 180, "texture": "#5"},
				"south": {"uv": [3.33333, 6.66667, 4.66667, 8], "rotation": 90, "texture": "#5"},
				"west": {"uv": [10.33333, 0, 9.33333, 1.33333], "texture": "#5"},
				"up": {"uv": [8.66667, 7.33333, 9.66667, 8.66667], "rotation": 90, "texture": "#5"},
				"down": {"uv": [8.66667, 6, 9.66667, 7.33333], "rotation": 90, "texture": "#5"}
			}
		},
		{
			"from": [8.8402, 14.24461, 6.31472],
			"to": [11.0902, 14.74461, 7.56472],
			"rotation": {"angle": 0, "axis": "x", "origin": [11.125, 14.49461, 6.93972]},
			"faces": {
				"north": {"uv": [12, 12, 12.33333, 13.5], "rotation": 270, "texture": "#5"},
				"east": {"uv": [0.83333, 14.33333, 0, 14], "rotation": 180, "texture": "#5"},
				"south": {"uv": [6, 12, 6.33333, 13.5], "rotation": 90, "texture": "#5"},
				"west": {"uv": [2.16667, 14, 1.33333, 14.33333], "texture": "#5"},
				"up": {"uv": [9.33333, 3.33333, 10.16667, 4.83333], "rotation": 90, "texture": "#5"},
				"down": {"uv": [9.33333, 1.33333, 10.16667, 2.83333], "rotation": 90, "texture": "#5"}
			}
		},
		{
			"from": [10.26351, 14.73889, 6.31572],
			"to": [11.18851, 15.58889, 7.56372],
			"rotation": {"angle": 22.5, "axis": "z", "origin": [11.125, 14.49461, 6.93972]},
			"faces": {
				"north": {"uv": [4.66667, 13.33333, 5.16667, 14], "rotation": 270, "texture": "#5"},
				"east": {"uv": [13.5, 9.83333, 12.66667, 9.33333], "rotation": 180, "texture": "#5"},
				"south": {"uv": [9.33333, 12.66667, 9.83333, 13.33333], "rotation": 90, "texture": "#5"},
				"up": {"uv": [12, 8, 12.83333, 8.66667], "rotation": 90, "texture": "#5"}
			}
		},
		{
			"from": [10.26351, 13.40032, 6.31572],
			"to": [11.18851, 14.25032, 7.56372],
			"rotation": {"angle": -22.5, "axis": "z", "origin": [11.125, 14.49461, 6.93972]},
			"faces": {
				"north": {"uv": [6.66667, 13.33333, 7.16667, 14], "rotation": 270, "texture": "#5"},
				"east": {"uv": [13.5, 10.5, 12.66667, 10], "rotation": 180, "texture": "#5"},
				"south": {"uv": [13.33333, 6, 13.83333, 6.66667], "rotation": 90, "texture": "#5"},
				"down": {"uv": [10.66667, 12, 11.5, 12.66667], "rotation": 90, "texture": "#5"}
			}
		},
		{
			"from": [10.00438, 13.61523, 6.43972],
			"to": [12.00438, 15.61523, 7.43972],
			"rotation": {"angle": 45, "axis": "z", "origin": [11.125, 14.49461, 6.93972]},
			"faces": {
				"north": {"uv": [7.33333, 2.66667, 8.66667, 4], "rotation": 270, "texture": "#5"},
				"east": {"uv": [11.33333, 10.66667, 10.66667, 9.33333], "rotation": 180, "texture": "#5"},
				"south": {"uv": [7.33333, 1.33333, 8.66667, 2.66667], "rotation": 90, "texture": "#5"},
				"west": {"uv": [11.33333, 10.66667, 10.66667, 12], "texture": "#5"},
				"up": {"uv": [4.66667, 10.66667, 5.33333, 12], "rotation": 90, "texture": "#5"},
				"down": {"uv": [1.33333, 10.66667, 2, 12], "rotation": 90, "texture": "#5"}
			}
		},
		{
			"from": [8.8402, 14.74461, 6.31472],
			"to": [10.0902, 15.24461, 7.56472],
			"rotation": {"angle": 0, "axis": "x", "origin": [11.125, 14.49461, 6.93972]},
			"faces": {
				"north": {"uv": [2.66667, 14, 3, 14.83333], "rotation": 270, "texture": "#5"},
				"east": {"uv": [4.16667, 14.33333, 3.33333, 14], "rotation": 180, "texture": "#5"},
				"south": {"uv": [11.33333, 13.33333, 11.66667, 14.16667], "rotation": 90, "texture": "#5"},
				"west": {"uv": [5.5, 14, 4.66667, 14.33333], "texture": "#5"},
				"up": {"uv": [12, 1.33333, 12.83333, 2.16667], "rotation": 90, "texture": "#5"}
			}
		},
		{
			"from": [8.8402, 13.74461, 6.31472],
			"to": [10.0902, 14.24461, 7.56472],
			"rotation": {"angle": 0, "axis": "x", "origin": [11.125, 14.49461, 6.93972]},
			"faces": {
				"north": {"uv": [6.66667, 14, 7, 14.83333], "rotation": 270, "texture": "#5"},
				"east": {"uv": [14.83333, 6.33333, 14, 6], "rotation": 180, "texture": "#5"},
				"south": {"uv": [6, 14, 6.33333, 14.83333], "rotation": 90, "texture": "#5"},
				"west": {"uv": [14.83333, 7.33333, 14, 7.66667], "texture": "#5"},
				"down": {"uv": [12, 2.66667, 12.83333, 3.5], "rotation": 90, "texture": "#5"}
			}
		},
		{
			"from": [7.08588, 9.45689, 6.68972],
			"to": [10.08588, 12.45689, 7.18972],
			"rotation": {"angle": -45, "axis": "z", "origin": [8, 11.54277, 6.93972]},
			"faces": {
				"north": {"uv": [5.33333, 5.33333, 7.33333, 7.33333], "rotation": 180, "texture": "#5"},
				"east": {"uv": [1.33333, 12, 1.66667, 14], "rotation": 180, "texture": "#5"},
				"south": {"uv": [5.33333, 3.33333, 7.33333, 5.33333], "rotation": 180, "texture": "#5"},
				"west": {"uv": [10, 11.33333, 10.33333, 13.33333], "rotation": 180, "texture": "#5"},
				"up": {"uv": [4.33333, 12, 4, 14], "rotation": 90, "texture": "#5"},
				"down": {"uv": [3.66667, 14, 3.33333, 12], "rotation": 270, "texture": "#5"}
			}
		},
		{
			"from": [9, 12.5, 6.43972],
			"to": [10, 16.5, 7.43972],
			"rotation": {"angle": 45, "axis": "z", "origin": [8, 14.5, 6.93972]},
			"faces": {
				"north": {"uv": [6.66667, 7.33333, 7.33333, 10], "texture": "#5"},
				"east": {"uv": [7.33333, 4, 8, 6.66667], "texture": "#5"},
				"south": {"uv": [5.33333, 7.33333, 6, 10], "texture": "#5"},
				"west": {"uv": [6, 7.33333, 6.66667, 10], "texture": "#5"},
				"up": {"uv": [10, 6, 9.33333, 5.33333], "rotation": 90, "texture": "#5"},
				"down": {"uv": [8, 9.33333, 7.33333, 10], "rotation": 270, "texture": "#5"}
			}
		},
		{
			"from": [6, 12.5, 6.43972],
			"to": [7, 16.5, 7.43972],
			"rotation": {"angle": 45, "axis": "z", "origin": [8, 14.5, 6.93972]},
			"faces": {
				"north": {"uv": [8, 4, 8.66667, 6.66667], "texture": "#5"},
				"east": {"uv": [7.33333, 6.66667, 8, 9.33333], "texture": "#5"},
				"south": {"uv": [3.33333, 8, 4, 10.66667], "texture": "#5"},
				"west": {"uv": [4, 8, 4.66667, 10.66667], "texture": "#5"},
				"up": {"uv": [13.33333, 4.66667, 12.66667, 4], "rotation": 90, "texture": "#5"},
				"down": {"uv": [5.33333, 12.66667, 4.66667, 13.33333], "rotation": 270, "texture": "#5"}
			}
		},
		{
			"from": [7, 12.5, 6.43972],
			"to": [9, 13.5, 7.43972],
			"rotation": {"angle": 45, "axis": "z", "origin": [8, 14.5, 6.93972]},
			"faces": {
				"north": {"uv": [11.33333, 5.33333, 12.66667, 6], "texture": "#5"},
				"south": {"uv": [5.33333, 11.33333, 6.66667, 12], "texture": "#5"},
				"up": {"uv": [12, 7.33333, 11.33333, 6], "rotation": 90, "texture": "#5"},
				"down": {"uv": [7.33333, 11.33333, 6.66667, 12.66667], "rotation": 270, "texture": "#5"}
			}
		},
		{
			"from": [7, 15.5, 6.43972],
			"to": [9, 16.5, 7.43972],
			"rotation": {"angle": 45, "axis": "z", "origin": [8, 14.5, 6.93972]},
			"faces": {
				"north": {"uv": [11.33333, 7.33333, 12.66667, 8], "texture": "#5"},
				"south": {"uv": [7.33333, 11.33333, 8.66667, 12], "texture": "#5"},
				"up": {"uv": [9.33333, 12.66667, 8.66667, 11.33333], "rotation": 90, "texture": "#5"},
				"down": {"uv": [10, 11.33333, 9.33333, 12.66667], "rotation": 270, "texture": "#5"}
			}
		},
		{
			"from": [10.2848, 12.99461, 6.92472],
			"to": [15.2848, 15.99461, 6.95472],
			"rotation": {"angle": 0, "axis": "x", "origin": [11.125, 14.49461, 6.93972]},
			"faces": {
				"north": {"uv": [5.33333, 0, 7.33333, 3.33333], "rotation": 270, "texture": "#5"},
				"south": {"uv": [5.33333, 3.33333, 7.33333, 0], "rotation": 270, "texture": "#5"}
			}
		},
		{
			"from": [0.7152, 12.99461, 6.92472],
			"to": [5.7152, 15.99461, 6.95472],
			"rotation": {"angle": 0, "axis": "x", "origin": [4.875, 14.49461, 6.93972]},
			"faces": {
				"north": {"uv": [5.33333, 3.33333, 7.33333, 0], "rotation": 270, "texture": "#5"},
				"south": {"uv": [5.33333, 0, 7.33333, 3.33333], "rotation": 270, "texture": "#5"}
			}
		},
		{
			"from": [3.99562, 13.61523, 6.43972],
			"to": [5.99562, 15.61523, 7.43972],
			"rotation": {"angle": -45, "axis": "z", "origin": [4.875, 14.49461, 6.93972]},
			"faces": {
				"north": {"uv": [7.33333, 4, 8.66667, 2.66667], "rotation": 270, "texture": "#5"},
				"east": {"uv": [10.66667, 10.66667, 11.33333, 12], "texture": "#5"},
				"south": {"uv": [7.33333, 2.66667, 8.66667, 1.33333], "rotation": 90, "texture": "#5"},
				"west": {"uv": [10.66667, 10.66667, 11.33333, 9.33333], "rotation": 180, "texture": "#5"},
				"up": {"uv": [4.66667, 12, 5.33333, 10.66667], "rotation": 90, "texture": "#5"},
				"down": {"uv": [1.33333, 12, 2, 10.66667], "rotation": 90, "texture": "#5"}
			}
		},
		{
			"from": [4.81149, 14.73889, 6.31572],
			"to": [5.73649, 15.58889, 7.56372],
			"rotation": {"angle": -22.5, "axis": "z", "origin": [4.875, 14.49461, 6.93972]},
			"faces": {
				"north": {"uv": [4.66667, 14, 5.16667, 13.33333], "rotation": 270, "texture": "#5"},
				"south": {"uv": [9.33333, 13.33333, 9.83333, 12.66667], "rotation": 90, "texture": "#5"},
				"west": {"uv": [12.66667, 9.83333, 13.5, 9.33333], "rotation": 180, "texture": "#5"},
				"up": {"uv": [12, 8.66667, 12.83333, 8], "rotation": 90, "texture": "#5"}
			}
		},
		{
			"from": [4.9098, 14.24461, 6.31472],
			"to": [7.1598, 14.74461, 7.56472],
			"rotation": {"angle": 0, "axis": "x", "origin": [4.875, 14.49461, 6.93972]},
			"faces": {
				"north": {"uv": [12, 13.5, 12.33333, 12], "rotation": 270, "texture": "#5"},
				"east": {"uv": [1.33333, 14, 2.16667, 14.33333], "texture": "#5"},
				"south": {"uv": [6, 13.5, 6.33333, 12], "rotation": 90, "texture": "#5"},
				"west": {"uv": [0, 14.33333, 0.83333, 14], "rotation": 180, "texture": "#5"},
				"up": {"uv": [9.33333, 4.83333, 10.16667, 3.33333], "rotation": 90, "texture": "#5"},
				"down": {"uv": [9.33333, 2.83333, 10.16667, 1.33333], "rotation": 90, "texture": "#5"}
			}
		},
		{
			"from": [4.81149, 13.40032, 6.31572],
			"to": [5.73649, 14.25032, 7.56372],
			"rotation": {"angle": 22.5, "axis": "z", "origin": [4.875, 14.49461, 6.93972]},
			"faces": {
				"north": {"uv": [6.66667, 14, 7.16667, 13.33333], "rotation": 270, "texture": "#5"},
				"south": {"uv": [13.33333, 6.66667, 13.83333, 6], "rotation": 90, "texture": "#5"},
				"west": {"uv": [12.66667, 10.5, 13.5, 10], "rotation": 180, "texture": "#5"},
				"down": {"uv": [10.66667, 12.66667, 11.5, 12], "rotation": 90, "texture": "#5"}
			}
		},
		{
			"from": [5.9098, 14.74461, 6.31472],
			"to": [7.1598, 15.24461, 7.56472],
			"rotation": {"angle": 0, "axis": "x", "origin": [4.875, 14.49461, 6.93972]},
			"faces": {
				"north": {"uv": [2.66667, 14.83333, 3, 14], "rotation": 270, "texture": "#5"},
				"east": {"uv": [4.66667, 14, 5.5, 14.33333], "texture": "#5"},
				"south": {"uv": [11.33333, 14.16667, 11.66667, 13.33333], "rotation": 90, "texture": "#5"},
				"west": {"uv": [3.33333, 14.33333, 4.16667, 14], "rotation": 180, "texture": "#5"},
				"up": {"uv": [12, 2.16667, 12.83333, 1.33333], "rotation": 90, "texture": "#5"}
			}
		},
		{
			"from": [5.9098, 13.74461, 6.31472],
			"to": [7.1598, 14.24461, 7.56472],
			"rotation": {"angle": 0, "axis": "x", "origin": [4.875, 14.49461, 6.93972]},
			"faces": {
				"north": {"uv": [6.66667, 14.83333, 7, 14], "rotation": 270, "texture": "#5"},
				"east": {"uv": [14, 7.33333, 14.83333, 7.66667], "texture": "#5"},
				"south": {"uv": [6, 14.83333, 6.33333, 14], "rotation": 90, "texture": "#5"},
				"west": {"uv": [14, 6.33333, 14.83333, 6], "rotation": 180, "texture": "#5"},
				"down": {"uv": [12, 3.5, 12.83333, 2.66667], "rotation": 90, "texture": "#5"}
			}
		},
		{
			"from": [7, 13.48921, 5.93972],
			"to": [9, 15.48921, 7.93972],
			"rotation": {"angle": 45, "axis": "z", "origin": [8, 14.48921, 6.93972]},
			"faces": {
				"north": {"uv": [6.5, 0, 10.5, 4], "texture": "#4"},
				"east": {"uv": [6.5, 0, 10.5, 4], "texture": "#4"},
				"south": {"uv": [6.5, 0, 10.5, 4], "texture": "#4"},
				"west": {"uv": [6.5, 0, 10.5, 4], "texture": "#4"},
				"up": {"uv": [6.5, 0, 10.5, 4], "rotation": 90, "texture": "#4"},
				"down": {"uv": [6.5, 0, 10.5, 4], "rotation": 270, "texture": "#4"}
			}
		},
		{
			"from": [8.3, 13.25, 4.58972],
			"to": [11.3, 18.25, 4.61972],
			"rotation": {"angle": 22.5, "axis": "y", "origin": [12.3, 13.25, 4.58972]},
			"faces": {
				"north": {"uv": [0, 0, 6, 10], "texture": "#4"},
				"south": {"uv": [6, 0, 0, 10], "texture": "#4"}
			}
		},
		{
			"from": [4.7, 13.25, 4.58972],
			"to": [7.7, 18.25, 4.61972],
			"rotation": {"angle": -22.5, "axis": "y", "origin": [3.7, 13.25, 4.58972]},
			"faces": {
				"north": {"uv": [6, 0, 0, 10], "texture": "#4"},
				"south": {"uv": [0, 0, 6, 10], "texture": "#4"}
			}
		},
		{
			"from": [7, 0.25, 6.71472],
			"to": [9, 10.25, 7.16472],
			"rotation": {"angle": 0, "axis": "y", "origin": [16, 0.25, 6.68972]},
			"faces": {
				"north": {"uv": [3.33333, 0, 4.66667, 6.66667], "texture": "#5"},
				"east": {"uv": [2, 6.66667, 2.33333, 13.33333], "texture": "#5"},
				"south": {"uv": [2, 0, 3.33333, 6.66667], "texture": "#5"},
				"west": {"uv": [2.66667, 6.66667, 3, 13.33333], "texture": "#5"},
				"up": {"uv": [13, 6, 12.66667, 4.66667], "rotation": 90, "texture": "#5"},
				"down": {"uv": [5.66667, 12.66667, 5.33333, 14], "rotation": 270, "texture": "#5"}
			}
		},
		{
			"from": [7, -0.58159, 6.68972],
			"to": [8.425, 0.84341, 7.18972],
			"rotation": {"angle": -45, "axis": "z", "origin": [8, -0.15659, 6.93972]},
			"faces": {
				"north": {"uv": [3.33333, 10.66667, 4.33333, 11.66667], "texture": "#5"},
				"east": {"uv": [7.33333, 13.33333, 7.66667, 14.33333], "texture": "#5"},
				"south": {"uv": [10.66667, 2.66667, 11.66667, 3.66667], "texture": "#5"},
				"west": {"uv": [8, 13.33333, 8.33333, 14.33333], "texture": "#5"},
				"up": {"uv": [9, 14.33333, 8.66667, 13.33333], "rotation": 90, "texture": "#5"},
				"down": {"uv": [9.66667, 13.33333, 9.33333, 14.33333], "rotation": 270, "texture": "#5"}
			}
		},
		{
			"from": [8.9, -1.925, 7.03972],
			"to": [11.9, 14.075, 7.06972],
			"rotation": {"angle": 0, "axis": "y", "origin": [12.9, 3.075, 7.03972]},
			"faces": {
				"north": {"uv": [0, 0, 2, 10.66667], "texture": "#5"},
				"south": {"uv": [2, 0, 0, 10.66667], "texture": "#5"}
			}
		},
		{
			"from": [11.86194, -1.925, 7.23106],
			"to": [12.86194, 14.075, 7.26106],
			"rotation": {"angle": -22.5, "axis": "y", "origin": [12.36194, 6.075, 7.23106]},
			"faces": {
				"north": {"uv": [4.66667, 0, 5.33333, 10.66667], "texture": "#5"},
				"south": {"uv": [5.33333, 0, 4.66667, 10.66667], "texture": "#5"}
			}
		},
		{
			"from": [4.1, -1.925, 7.03972],
			"to": [7.1, 14.075, 7.06972],
			"rotation": {"angle": 0, "axis": "y", "origin": [3.1, 3.075, 7.03972]},
			"faces": {
				"north": {"uv": [2, 0, 0, 10.66667], "texture": "#5"},
				"south": {"uv": [0, 0, 2, 10.66667], "texture": "#5"}
			}
		},
		{
			"from": [3.13806, -1.925, 7.23106],
			"to": [4.13806, 14.075, 7.26106],
			"rotation": {"angle": 22.5, "axis": "y", "origin": [3.63806, 6.075, 7.23106]},
			"faces": {
				"north": {"uv": [5.33333, 0, 4.66667, 10.66667], "texture": "#5"},
				"south": {"uv": [4.66667, 0, 5.33333, 10.66667], "texture": "#5"}
			}
		},
		{
			"from": [7.6, 9.1, 6.96472],
			"to": [8.4, 9.9, 9.96472],
			"rotation": {"angle": 0, "axis": "y", "origin": [8.5, 9, 6.96472]},
			"faces": {
				"north": {"uv": [14, 10, 14.5, 10.5], "texture": "#5"},
				"east": {"uv": [10, 8, 12, 8.5], "texture": "#5"},
				"south": {"uv": [10, 14, 10.5, 14.5], "texture": "#5"},
				"west": {"uv": [10.66667, 4, 12.66667, 4.5], "texture": "#5"},
				"up": {"uv": [12.66667, 5.16667, 10.66667, 4.66667], "rotation": 90, "texture": "#5"},
				"down": {"uv": [12.66667, 8.66667, 10.66667, 9.16667], "rotation": 270, "texture": "#5"}
			}
		},
		{
			"from": [7.6, 4.6, 6.96472],
			"to": [8.4, 5.4, 9.96472],
			"rotation": {"angle": 0, "axis": "y", "origin": [8.5, 4.5, 6.96472]},
			"faces": {
				"north": {"uv": [14, 10, 14.5, 10.5], "texture": "#5"},
				"east": {"uv": [10, 8, 12, 8.5], "texture": "#5"},
				"south": {"uv": [10, 14, 10.5, 14.5], "texture": "#5"},
				"west": {"uv": [10.66667, 4, 12.66667, 4.5], "texture": "#5"},
				"up": {"uv": [12.66667, 5.16667, 10.66667, 4.66667], "rotation": 90, "texture": "#5"},
				"down": {"uv": [12.66667, 8.66667, 10.66667, 9.16667], "rotation": 270, "texture": "#5"}
			}
		},
		{
			"from": [3, -2, 6.65],
			"to": [7.5, 18, 6.65],
			"rotation": {"angle": 0, "axis": "z", "origin": [5.25, 8, 6.65]},
			"faces": {
				"north": {"uv": [0, 0, 3.6, 16], "rotation": 180, "texture": "#2"}
			}
		},
		{
			"from": [8.5, -2, 6.65],
			"to": [13, 18, 6.65],
			"rotation": {"angle": 0, "axis": "z", "origin": [10.75, 8, 6.65]},
			"faces": {
				"north": {"uv": [3.6, 0, 0, 16], "rotation": 180, "texture": "#2"}
			}
		}
	],
	"gui_light": "front",
	"display": {
		"thirdperson_righthand": {
			"rotation": [0, -90, 0],
			"translation": [2.5, -1.25, 1]
		},
		"thirdperson_lefthand": {
			"rotation": [0, -90, 0],
			"translation": [2.5, -1.25, 1]
		},
		"firstperson_righthand": {
			"rotation": [0, 0, 9],
			"translation": [0.75, 0.25, 2.5]
		},
		"firstperson_lefthand": {
			"rotation": [0, 0, 9],
			"translation": [0.75, 0.25, 2.5]
		},
		"ground": {
			"rotation": [45, 0, 0],
			"translation": [0, 8, 0]
		},
		"gui": {
			"rotation": [0, 180, -45],
			"translation": [0.25, -0.25, 0],
			"scale": [0.74805, 0.74805, 0.74805]
		},
		"fixed": {
			"translation": [0, 1.25, -1.75],
			"scale": [2.5, 2.5, 2.5]
		}
	}
}